customer_id,customer_name,segment,city,state,region_id,signup_date,cohort_month
C00001,Aryan Maharaj,Consumer,Rajahmundry,Chhattisgarh,1,2024-04-12,2024-04
C00002,Gagan Sami,Consumer,Ludhiana,Assam,4,2023-01-19,2023-01
C00003,Viraj Tiwari,Corporate,Kishanganj,Gujarat,3,2023-07-21,2023-07
C00004,Thomas Sen,Consumer,Chennai,Tripura,3,2023-06-13,2023-06
C00005,Pahal Oak,Consumer,Bhatpara,Gujarat,4,2024-06-22,2024-06
C00006,Harsh Chanda,Consumer,Jalandhar,Kerala,4,2024-05-09,2024-05
C00007,Aishani Bassi,Corporate,Jorhat,Bihar,2,2024-10-14,2024-10
C00008,Farhan Memon,Consumer,Gangtok,Gujarat,4,2023-03-05,2023-03
C00009,Chakradev Kari,Home Office,Vijayawada,West Bengal,2,2023-11-05,2023-11
C00010,Harrison Rai,Consumer,Malda,Rajasthan,4,2023-01-22,2023-01
C00011,Nicholas Prabhakar,Consumer,Bhagalpur,Sikkim,4,2023-06-09,2023-06
C00012,Ekbal Garg,Corporate,Ujjain,Manipur,1,2024-01-05,2024-01
C00013,Anamika Kanda,Consumer,Pimpri-Chinchwad,Haryana,1,2023-01-20,2023-01
C00014,Diya Rattan,Corporate,Amritsar,Gujarat,3,2023-05-26,2023-05
C00015,Simon Tata,Consumer,Berhampore,Chhattisgarh,4,2024-04-20,2024-04
C00016,Liam Koshy,Home Office,Bhimavaram,Maharashtra,3,2024-02-03,2024-02
C00017,Janaki Kanda,Consumer,Danapur,Meghalaya,3,2023-06-11,2023-06
C00018,Champak Choudhary,Corporate,Kozhikode,Uttar Pradesh,4,2024-03-06,2024-03
C00019,Devansh Rajan,Corporate,Kavali,Manipur,4,2024-08-14,2024-08
C00020,Advay Contractor,Consumer,Mau,Bihar,1,2023-01-05,2023-01
C00021,Radhika Dugar,Corporate,Delhi,Telangana,1,2024-08-12,2024-08
C00022,Xiti Gokhale,Consumer,Bihar Sharif,Uttarakhand,2,2024-05-25,2024-05
C00023,Michael Prakash,Home Office,Panvel,Tripura,4,2023-09-06,2023-09
C00024,Ekiya Suresh,Corporate,Gorakhpur,Kerala,2,2023-04-24,2023-04
C00025,Wriddhish Bhardwaj,Consumer,Tezpur,Assam,1,2024-11-30,2024-11
C00026,Vedika Biswas,Consumer,Warangal,Sikkim,4,2023-09-04,2023-09
C00027,Noah Lanka,Consumer,Rajpur Sonarpur,Nagaland,3,2023-03-09,2023-03
C00028,Devika Rastogi,Corporate,Bahraich,Mizoram,4,2023-03-12,2023-03
C00029,Jai Kota,Consumer,Rajkot,Karnataka,2,2024-09-11,2024-09
C00030,Victor Kannan,Consumer,Madurai,Tamil Nadu,2,2024-03-17,2024-03
C00031,Veer Bir,Corporate,Bathinda,Assam,2,2024-08-13,2024-08
C00032,Arya Sunder,Consumer,Panvel,Chhattisgarh,2,2024-06-17,2024-06
C00033,Xavier Solanki,Corporate,Jhansi,Bihar,2,2024-01-27,2024-01
C00034,Raagini Pandya,Consumer,Bulandshahr,Manipur,2,2024-12-12,2024-12
C00035,Guneet Bhat,Corporate,Sonipat,Uttar Pradesh,2,2023-10-04,2023-10
C00036,Yuvraj Handa,Consumer,Jorhat,Manipur,4,2024-02-08,2024-02
C00037,Pahal Goswami,Corporate,Surendranagar Dudhrej,Haryana,4,2024-08-29,2024-08
C00038,Saanvi Chaudhari,Consumer,Panvel,Uttarakhand,2,2024-03-28,2024-03
C00039,Girik Khalsa,Consumer,Vellore,Meghalaya,1,2024-09-21,2024-09
C00040,Tanay Rattan,Home Office,Dehradun,Madhya Pradesh,1,2024-02-27,2024-02
C00041,Madhavi Lanka,Consumer,Baranagar,Maharashtra,2,2024-05-30,2024-05
C00042,Mohammed Gupta,Corporate,Bellary,Arunachal Pradesh,4,2023-02-03,2023-02
C00043,Dipta Bhandari,Consumer,Bhimavaram,Meghalaya,4,2023-06-16,2023-06
C00044,Dakshesh Trivedi,Corporate,Gaya,Assam,1,2023-07-31,2023-07
C00045,Wahab Raval,Consumer,Jehanabad,Haryana,3,2023-02-28,2023-02
C00046,Finn Saini,Consumer,Bhilwara,Gujarat,1,2023-06-20,2023-06
C00047,William Lanka,Home Office,Mira-Bhayandar,Sikkim,4,2023-03-15,2023-03
C00048,Tanvi Mutti,Consumer,Bangalore,Manipur,4,2023-07-23,2023-07
C00049,Ethan Yogi,Consumer,Guna,Himachal Pradesh,3,2024-04-09,2024-04
C00050,Ikshita Biswas,Consumer,Uluberia,Jharkhand,4,2023-09-24,2023-09
C00051,Raksha Mittal,Corporate,Begusarai,Jharkhand,1,2023-09-28,2023-09
C00052,Krish Lalla,Corporate,Aligarh,Telangana,2,2023-06-03,2023-06
C00053,Anita Manda,Consumer,Tiruvottiyur,Gujarat,1,2023-07-15,2023-07
C00054,Yashasvi Suresh,Home Office,Faridabad,Assam,1,2024-11-15,2024-11
C00055,Aradhana Basu,Corporate,Thoothukudi,Tripura,2,2024-04-18,2024-04
C00056,Adweta Edwin,Consumer,Suryapet,Tamil Nadu,3,2024-03-21,2024-03
C00057,Aditya Choudhury,Consumer,Jalgaon,Nagaland,4,2023-05-06,2023-05
C00058,Kala Divan,Corporate,Warangal,Arunachal Pradesh,4,2024-06-16,2024-06
C00059,Janya Baral,Corporate,Bhagalpur,Sikkim,3,2023-04-30,2023-04
C00060,Harshil Pandya,Corporate,Udupi,Telangana,3,2023-10-05,2023-10
C00061,Warjas Gaba,Consumer,Haridwar,Andhra Pradesh,2,2024-12-24,2024-12
C00062,Gaurangi Sabharwal,Home Office,Shimoga,Goa,1,2024-04-12,2024-04
C00063,Lavanya Barad,Corporate,Korba,Gujarat,3,2024-02-12,2024-02
C00064,Inaya Mody,Consumer,Rajahmundry,Andhra Pradesh,3,2024-05-15,2024-05
C00065,Mohini Narasimhan,Corporate,Coimbatore,Tripura,3,2024-09-08,2024-09
C00066,Indali Upadhyay,Consumer,Jorhat,Karnataka,4,2024-07-21,2024-07
C00067,Jack Lal,Consumer,Amaravati,Himachal Pradesh,3,2023-06-17,2023-06
C00068,Ikbal Saraf,Home Office,Satara,Maharashtra,1,2023-01-24,2023-01
C00069,Lekha Gupta,Consumer,Varanasi,Tamil Nadu,4,2023-08-19,2023-08
C00070,Aarav Venkatesh,Corporate,Bharatpur,Maharashtra,1,2023-07-15,2023-07
C00071,Ganga Murthy,Consumer,Dewas,Mizoram,1,2023-06-04,2023-06
C00072,Nilima Narain,Corporate,Sagar,Nagaland,1,2024-11-20,2024-11
C00073,Rehaan Salvi,Consumer,Akola,Punjab,4,2024-10-02,2024-10
C00074,Nidra Acharya,Corporate,Baranagar,Gujarat,3,2023-08-19,2023-08
C00075,Ekanta Shroff,Consumer,Mango,Sikkim,2,2024-04-24,2024-04
C00076,Yasti Solanki,Corporate,Guwahati,Jharkhand,2,2023-10-17,2023-10
C00077,Girik Keer,Corporate,Kamarhati,Uttar Pradesh,2,2024-10-30,2024-10
C00078,Manan Bakshi,Consumer,Sambalpur,Meghalaya,4,2023-12-02,2023-12
C00079,Tamanna Sachdeva,Consumer,Yamunanagar,Meghalaya,2,2023-07-13,2023-07
C00080,Yagnesh Divan,Home Office,Aligarh,Tripura,4,2023-06-30,2023-06
C00081,Theodore Goda,Home Office,Dhanbad,Nagaland,4,2024-02-15,2024-02
C00082,Jairaj Shan,Consumer,Madhyamgram,Sikkim,2,2023-07-12,2023-07
C00083,Saanvi Thaman,Consumer,Motihari,Manipur,1,2024-03-03,2024-03
C00084,Vaishnavi Sengupta,Corporate,Shahjahanpur,Uttarakhand,1,2024-10-18,2024-10
C00085,Vedhika Khare,Home Office,Gandhidham,Assam,1,2023-10-19,2023-10
C00086,Wahab Magar,Consumer,Imphal,Nagaland,2,2023-06-10,2023-06
C00087,Lakshit Dora,Corporate,Yamunanagar,Tamil Nadu,1,2024-12-30,2024-12
C00088,Tanish Bhatt,Consumer,Vellore,Karnataka,1,2024-01-08,2024-01
C00089,Ojasvi Bhatia,Consumer,Bidar,Madhya Pradesh,4,2023-03-08,2023-03
C00090,Lajita Sood,Consumer,Nagercoil,Jharkhand,3,2023-02-04,2023-02
C00091,Oni Yohannan,Consumer,Morbi,Haryana,4,2023-03-22,2023-03
C00092,Rajata Sunder,Corporate,Pali,Karnataka,4,2024-04-03,2024-04
C00093,Noah Sibal,Consumer,Deoghar,Andhra Pradesh,1,2024-08-02,2024-08
C00094,Avi Chacko,Consumer,Bhavnagar,West Bengal,4,2023-11-05,2023-11
C00095,Qabil Bedi,Consumer,Nadiad,Karnataka,2,2023-02-16,2023-02
C00096,Suhani Narain,Corporate,Nadiad,Himachal Pradesh,1,2023-10-06,2023-10
C00097,Zayyan Bumb,Consumer,Surat,Telangana,1,2024-12-29,2024-12
C00098,Inaya Kapur,Consumer,Thane,Tripura,2,2024-01-22,2024-01
C00099,Yug Iyengar,Corporate,Jamnagar,Haryana,2,2024-12-10,2024-12
C00100,Urvashi Contractor,Consumer,Kirari Suleman Nagar,Tamil Nadu,4,2024-09-21,2024-09
C00101,Jyoti Ganesh,Home Office,Ujjain,Jharkhand,3,2023-01-09,2023-01
C00102,Atharv Muni,Corporate,Sikar,Tamil Nadu,1,2024-06-10,2024-06
C00103,Faqid Kibe,Consumer,Barasat,West Bengal,4,2024-05-13,2024-05
C00104,Benjamin Palan,Corporate,Uluberia,Assam,3,2024-01-28,2024-01
C00105,Advik Salvi,Corporate,Aligarh,Maharashtra,3,2023-07-15,2023-07
C00106,Tripti Dua,Consumer,Belgaum,Telangana,1,2024-04-13,2024-04
C00107,Veda Shroff,Corporate,Guntakal,Himachal Pradesh,4,2023-03-23,2023-03
C00108,Yatan Chadha,Consumer,Hospet,Haryana,2,2023-11-14,2023-11
C00109,Ladli Nayar,Corporate,Shimla,West Bengal,3,2023-11-28,2023-11
C00110,Qabil Sura,Home Office,Raichur,Uttar Pradesh,4,2024-11-28,2024-11
C00111,Harini Mammen,Home Office,Miryalaguda,Andhra Pradesh,4,2024-10-02,2024-10
C00112,Frederick Khurana,Corporate,Unnao,Nagaland,4,2023-07-12,2023-07
C00113,Vamakshi Swaminathan,Consumer,Pune,Assam,4,2024-01-01,2024-01
C00114,Timothy Ravel,Consumer,Farrukhabad,Sikkim,4,2023-05-11,2023-05
C00115,Urvashi Wali,Consumer,Khandwa,Telangana,3,2024-10-29,2024-10
C00116,Indira Setty,Home Office,Farrukhabad,Himachal Pradesh,4,2024-09-28,2024-09
C00117,Jai Hans,Corporate,Jamshedpur,Telangana,4,2023-08-07,2023-08
C00118,Rehaan Kalita,Home Office,Bally,Telangana,4,2024-04-12,2024-04
C00119,Harish Hari,Consumer,Ambattur,Kerala,2,2024-03-21,2024-03
C00120,Chasmum Atwal,Home Office,Panipat,Arunachal Pradesh,3,2023-04-22,2023-04
C00121,Brinda Date,Consumer,Kota,West Bengal,1,2024-07-11,2024-07
C00122,Bhavani Singh,Consumer,Gandhidham,Karnataka,3,2024-01-30,2024-01
C00123,Charan Krishnan,Home Office,Raipur,Uttarakhand,3,2024-07-23,2024-07
C00124,Nandini Swamy,Consumer,Gangtok,Rajasthan,4,2024-01-23,2024-01
C00125,Max Dixit,Home Office,Guwahati,Haryana,1,2023-01-01,2023-01
C00126,Omaja Kara,Corporate,Hospet,Manipur,1,2023-08-25,2023-08
C00127,Pushti Mody,Consumer,Phagwara,Telangana,4,2023-01-15,2023-01
C00128,Sarthak Kakar,Home Office,Jodhpur,Goa,1,2024-11-10,2024-11
C00129,Oscar Borde,Home Office,Delhi,Maharashtra,3,2024-10-04,2024-10
C00130,Upma Manne,Consumer,Ahmednagar,Jharkhand,1,2024-08-30,2024-08
C00131,Sudiksha Bobal,Consumer,Bilaspur,Uttar Pradesh,4,2023-08-13,2023-08
C00132,Pavani Contractor,Home Office,Jalgaon,Himachal Pradesh,4,2023-02-12,2023-02
C00133,Ekbal Bhasin,Home Office,Aizawl,Punjab,4,2024-10-03,2024-10
C00134,Reva Dash,Home Office,Avadi,Tamil Nadu,4,2024-11-23,2024-11
C00135,Anita Tella,Consumer,Bahraich,Assam,4,2023-03-04,2023-03
C00136,Rachana Naidu,Corporate,Indore,Assam,4,2023-12-22,2023-12
C00137,Ansh Luthra,Corporate,Akola,Meghalaya,3,2023-02-20,2023-02
C00138,Arunima Golla,Consumer,Pallavaram,Assam,1,2024-07-10,2024-07
C00139,Ijaya Rege,Corporate,Pondicherry,Sikkim,1,2024-07-13,2024-07
C00140,Naveen Narayan,Consumer,Shimla,Jharkhand,2,2023-04-04,2023-04
C00141,Balhaar Sha,Corporate,Satna,Himachal Pradesh,2,2023-12-14,2023-12
C00142,Jack Raval,Consumer,Hosur,Manipur,1,2024-02-06,2024-02
C00143,Chatura Guha,Consumer,Panchkula,Rajasthan,1,2023-07-13,2023-07
C00144,Charan Jani,Consumer,Jamalpur,Chhattisgarh,2,2024-09-29,2024-09
C00145,Raksha Sundaram,Consumer,Bhopal,Rajasthan,4,2023-11-06,2023-11
C00146,Nathan Mukhopadhyay,Consumer,Suryapet,Maharashtra,4,2023-06-04,2023-06
C00147,Umang Comar,Home Office,Kochi,Rajasthan,1,2024-01-30,2024-01
C00148,Wishi Manne,Consumer,Vijayanagaram,Uttarakhand,4,2024-06-17,2024-06
C00149,Urmi Kohli,Consumer,Suryapet,Chhattisgarh,3,2023-05-28,2023-05
C00150,Rayaan Trivedi,Corporate,Coimbatore,Himachal Pradesh,2,2023-08-16,2023-08
C00151,Harini Tripathi,Consumer,Delhi,Jharkhand,2,2024-12-28,2024-12
C00152,Vrishti Dixit,Home Office,Siwan,Meghalaya,3,2024-04-20,2024-04
C00153,Gaurangi Purohit,Home Office,Pondicherry,West Bengal,3,2023-11-17,2023-11
C00154,William Rajagopal,Consumer,Bulandshahr,Arunachal Pradesh,1,2024-01-14,2024-01
C00155,Urvashi Raj,Corporate,Saharanpur,Meghalaya,4,2023-03-30,2023-03
C00156,Jonathan Thakkar,Corporate,Salem,West Bengal,1,2023-06-14,2023-06
C00157,Harish Vora,Consumer,Kanpur,Telangana,1,2023-09-05,2023-09
C00158,Nimrat Dubey,Consumer,Nandyal,Uttar Pradesh,4,2024-03-06,2024-03
C00159,Hamsini Rao,Consumer,Ozhukarai,West Bengal,1,2023-06-18,2023-06
C00160,Edhitha Sura,Consumer,Tadipatri,Assam,4,2023-06-10,2023-06
C00161,Bhavna Karan,Home Office,Raebareli,Bihar,1,2023-02-21,2023-02
C00162,Sachi Ganesan,Consumer,Bhopal,Arunachal Pradesh,2,2024-04-06,2024-04
C00163,Daksh Memon,Consumer,Dindigul,Maharashtra,1,2023-06-17,2023-06
C00164,Yash Wali,Home Office,Buxar,Sikkim,1,2024-10-23,2024-10
C00165,Onkar Gill,Consumer,Phagwara,West Bengal,1,2024-09-20,2024-09
C00166,Wridesh Tank,Corporate,Ahmednagar,Manipur,4,2023-02-21,2023-02
C00167,Tripti Kumer,Home Office,Kirari Suleman Nagar,Jharkhand,3,2023-06-23,2023-06
C00168,Ethan Sathe,Consumer,Dharmavaram,Jharkhand,4,2024-05-04,2024-05
C00169,Zashil Shan,Home Office,Davanagere,Madhya Pradesh,4,2023-06-06,2023-06
C00170,Hredhaan Khalsa,Consumer,Aurangabad,Kerala,2,2023-04-07,2023-04
C00171,Chakrika Bains,Corporate,Panipat,Andhra Pradesh,3,2024-11-14,2024-11
C00172,Watika Mangat,Home Office,Medininagar,Uttar Pradesh,3,2024-02-22,2024-02
C00173,Theodore Gupta,Corporate,Durgapur,Rajasthan,4,2023-12-12,2023-12
C00174,Balveer More,Consumer,Visakhapatnam,Odisha,3,2024-07-27,2024-07
C00175,Karan Chana,Home Office,Khammam,Telangana,2,2024-08-13,2024-08
C00176,Parth Iyer,Consumer,Panvel,Kerala,2,2023-05-20,2023-05
C00177,Nitesh Kurian,Home Office,Sagar,Telangana,1,2023-03-12,2023-03
C00178,Ishwar Sidhu,Home Office,Ajmer,Tripura,1,2023-11-12,2023-11
C00179,Mekhala Pau,Corporate,Tenali,Andhra Pradesh,4,2023-11-06,2023-11
C00180,Jatin Sha,Corporate,Firozabad,Odisha,2,2023-12-08,2023-12
C00181,Kamya Chokshi,Home Office,Chittoor,Andhra Pradesh,3,2024-06-16,2024-06
C00182,Timothy Bhatnagar,Consumer,Barasat,Rajasthan,4,2024-05-07,2024-05
C00183,Jackson Dey,Home Office,Agra,Jharkhand,2,2024-12-20,2024-12
C00184,Jack Chatterjee,Consumer,Siwan,Chhattisgarh,4,2023-03-13,2023-03
C00185,Sudiksha Prabhakar,Corporate,Dharmavaram,Telangana,1,2023-10-22,2023-10
C00186,Oeshi Chaudhary,Consumer,Tadepalligudem,Maharashtra,2,2023-09-06,2023-09
C00187,Bachittar Prabhakar,Corporate,Raiganj,Manipur,4,2024-09-21,2024-09
C00188,Janani Chaudhary,Home Office,Tinsukia,Rajasthan,3,2023-07-01,2023-07
C00189,Darsh Rao,Consumer,Jhansi,Bihar,2,2023-05-20,2023-05
C00190,Gavin Kala,Consumer,Dhanbad,Uttar Pradesh,3,2023-11-24,2023-11
C00191,Yagnesh Dass,Consumer,Coimbatore,Uttarakhand,1,2023-11-05,2023-11
C00192,Tarak Kaul,Consumer,Siliguri,Uttar Pradesh,2,2023-07-23,2023-07
C00193,Aradhana Dhillon,Consumer,Panvel,Himachal Pradesh,2,2023-07-02,2023-07
C00194,Imaran Bal,Home Office,Kanpur,Kerala,1,2024-11-05,2024-11
C00195,Ekiya Babu,Consumer,Bilaspur,Arunachal Pradesh,2,2023-11-20,2023-11
C00196,Oviya Vora,Consumer,Rajkot,Meghalaya,3,2024-09-21,2024-09
C00197,Janaki Varghese,Consumer,Bidhannagar,Mizoram,1,2024-02-07,2024-02
C00198,Caleb Verma,Home Office,Berhampore,Rajasthan,4,2023-02-06,2023-02
C00199,Darsh Srinivas,Consumer,Purnia,Sikkim,1,2024-12-31,2024-12
C00200,Vritti Sawhney,Consumer,Jodhpur,Karnataka,2,2024-09-03,2024-09
C00201,Dominic Date,Consumer,Bhimavaram,Nagaland,4,2024-12-09,2024-12
C00202,Lakshmi Wali,Consumer,Malda,Mizoram,3,2024-11-08,2024-11
C00203,Hardik Contractor,Corporate,Chinsurah,Manipur,4,2024-09-12,2024-09
C00204,Odika Nori,Consumer,Silchar,Maharashtra,2,2023-05-02,2023-05
C00205,Dhriti Sane,Corporate,Rohtak,Kerala,2,2023-12-22,2023-12
C00206,Urvi Bhavsar,Consumer,Guwahati,Assam,4,2023-06-06,2023-06
C00207,Gopal Pradhan,Consumer,Miryalaguda,Arunachal Pradesh,4,2023-10-21,2023-10
C00208,Jason Roy,Corporate,Bhusawal,West Bengal,2,2023-02-12,2023-02
C00209,Bhavna Muni,Consumer,Vasai-Virar,Odisha,1,2023-10-05,2023-10
C00210,Mohammed Subramaniam,Consumer,Moradabad,Kerala,3,2024-12-21,2024-12
C00211,Ishwar Mallick,Corporate,Haldia,West Bengal,1,2023-07-13,2023-07
C00212,Amara Balakrishnan,Consumer,Darbhanga,Tamil Nadu,2,2024-07-27,2024-07
C00213,Harinakshi Panchal,Consumer,Bokaro,West Bengal,2,2023-11-29,2023-11
C00214,Nandini Boase,Consumer,Ludhiana,Assam,2,2023-11-06,2023-11
C00215,Krisha Saini,Corporate,Mau,Goa,4,2024-11-30,2024-11
C00216,Devika Nair,Home Office,Faridabad,Chhattisgarh,1,2024-12-28,2024-12
C00217,Chandran Bumb,Home Office,Mango,Sikkim,3,2024-02-11,2024-02
C00218,Vedika Sathe,Corporate,Darbhanga,Gujarat,1,2024-06-09,2024-06
C00219,Hemani Sani,Corporate,Anantapuram,Sikkim,3,2023-04-24,2023-04
C00220,Darika Bath,Consumer,Tenali,Punjab,2,2023-08-05,2023-08
C00221,Abhimanyu Jayaraman,Consumer,Rajpur Sonarpur,Tripura,1,2024-12-09,2024-12
C00222,Aadhya Mann,Consumer,Jamshedpur,Andhra Pradesh,1,2024-02-28,2024-02
C00223,Qushi Gill,Consumer,Nadiad,Nagaland,1,2024-02-01,2024-02
C00224,Xiti Pandya,Consumer,Sikar,West Bengal,2,2024-06-30,2024-06
C00225,Rajata Bahl,Home Office,Solapur,West Bengal,4,2023-02-11,2023-02
C00226,Pushti Ravel,Consumer,Ramagundam,Bihar,4,2024-03-03,2024-03
C00227,Ansh Nair,Consumer,Tadipatri,Manipur,4,2024-01-03,2024-01
C00228,Gaurang Sarkar,Home Office,Latur,Maharashtra,4,2024-09-15,2024-09
C00229,Farhan Randhawa,Consumer,Sonipat,Haryana,2,2023-04-26,2023-04
C00230,Om Bose,Corporate,Bettiah,Mizoram,2,2024-12-03,2024-12
C00231,Ikshita Panchal,Corporate,Noida,Bihar,1,2023-02-28,2023-02
C00232,Aahana Hora,Home Office,Madanapalle,Chhattisgarh,4,2023-05-16,2023-05
C00233,Peter Tak,Consumer,Phusro,Tripura,2,2024-03-10,2024-03
C00234,Ekantika Mutti,Home Office,Gandhidham,Assam,4,2024-05-08,2024-05
C00235,Riya Mitter,Home Office,Gudivada,Arunachal Pradesh,1,2023-06-21,2023-06
C00236,Yashica Borah,Corporate,Surendranagar Dudhrej,Manipur,4,2023-03-29,2023-03
C00237,Dakshesh Pillay,Consumer,Solapur,Rajasthan,3,2024-10-12,2024-10
C00238,Yashica Rajagopalan,Home Office,Amaravati,Nagaland,4,2023-06-29,2023-06
C00239,Shivani Guha,Corporate,Mahbubnagar,Meghalaya,3,2024-03-10,2024-03
C00240,David Seshadri,Home Office,Tiruvottiyur,Tamil Nadu,4,2024-03-28,2024-03
C00241,Yamini Gera,Consumer,Shahjahanpur,Tamil Nadu,4,2023-11-03,2023-11
C00242,Reva Viswanathan,Consumer,Bharatpur,Kerala,1,2024-03-02,2024-03
C00243,Lila Rege,Corporate,Khora,Arunachal Pradesh,1,2024-01-18,2024-01
C00244,Dominic Narayan,Corporate,Proddatur,Sikkim,1,2024-11-14,2024-11
C00245,Bhanumati Krishnan,Home Office,Thoothukudi,Assam,2,2023-05-30,2023-05
C00246,Inaya Mukherjee,Consumer,Bikaner,Punjab,1,2024-06-07,2024-06
C00247,Dayita Puri,Consumer,Warangal,Sikkim,3,2023-06-24,2023-06
C00248,Pallavi Trivedi,Consumer,Surat,Kerala,1,2023-10-17,2023-10
C00249,Pranit Kala,Consumer,Shivpuri,Gujarat,3,2024-05-06,2024-05
C00250,Laksh Dubey,Consumer,Sagar,West Bengal,2,2023-08-08,2023-08
C00251,Yashica Zacharia,Consumer,Naihati,Tripura,2,2023-08-20,2023-08
C00252,Krisha Dube,Corporate,Bokaro,Uttarakhand,2,2024-07-03,2024-07
C00253,Raksha Bassi,Home Office,Bharatpur,Sikkim,1,2023-02-23,2023-02
C00254,Sachi Mane,Consumer,Muzaffarpur,Nagaland,2,2023-12-02,2023-12
C00255,Dayamai Singh,Corporate,Arrah,Sikkim,1,2024-12-30,2024-12
C00256,Triya Manda,Home Office,Ambala,Mizoram,4,2024-12-29,2024-12
C00257,Neel Iyengar,Corporate,Chandrapur,Arunachal Pradesh,1,2023-02-23,2023-02
C00258,Kamya Chauhan,Home Office,Anantapuram,Assam,4,2023-06-05,2023-06
C00259,Anjali Sengupta,Consumer,Junagadh,Assam,1,2023-07-13,2023-07
C00260,Shravya Palla,Corporate,Vijayanagaram,Arunachal Pradesh,3,2024-11-13,2024-11
C00261,Yadavi Prakash,Home Office,Kharagpur,Assam,4,2024-10-05,2024-10
C00262,Udarsh Bala,Consumer,Navi Mumbai,Uttarakhand,1,2024-10-04,2024-10
C00263,Madhav Devan,Corporate,Baranagar,Uttarakhand,4,2023-09-28,2023-09
C00264,Liam Singh,Home Office,Tadepalligudem,Andhra Pradesh,4,2023-04-26,2023-04
C00265,Anirudh Kunda,Home Office,Jalgaon,Nagaland,1,2024-09-01,2024-09
C00266,Indrajit Mani,Corporate,Barasat,Bihar,3,2024-05-29,2024-05
C00267,William Saini,Corporate,Rajkot,Bihar,1,2024-03-23,2024-03
C00268,Amol Varma,Consumer,Asansol,Jharkhand,1,2024-12-22,2024-12
C00269,Aarav Pandit,Corporate,Aurangabad,Maharashtra,4,2024-04-23,2024-04
C00270,Frederick Viswanathan,Consumer,Jabalpur,Mizoram,1,2023-01-06,2023-01
C00271,Madhavi Singhal,Home Office,Munger,Kerala,1,2024-08-20,2024-08
C00272,Amol Parikh,Consumer,Hapur,Haryana,1,2023-08-07,2023-08
C00273,Gaurangi Deol,Home Office,Nagercoil,Nagaland,4,2024-04-29,2024-04
C00274,Parth Shetty,Consumer,South Dumdum,Uttar Pradesh,4,2024-11-17,2024-11
C00275,Dev Shankar,Home Office,Durg,Gujarat,4,2023-04-09,2023-04
C00276,Ryan Barman,Consumer,Tirupati,Mizoram,2,2023-03-26,2023-03
C00277,Urvashi Kulkarni,Corporate,Jhansi,Jharkhand,1,2023-03-20,2023-03
C00278,Champak Narula,Consumer,Amravati,Uttar Pradesh,4,2024-02-09,2024-02
C00279,Rajeshri Ratta,Consumer,Kharagpur,Karnataka,3,2023-07-19,2023-07
C00280,Watika Tank,Consumer,Kadapa,Himachal Pradesh,1,2024-03-18,2024-03
C00281,Panini Brar,Corporate,Madanapalle,Uttarakhand,1,2024-06-08,2024-06
C00282,Chaaya Nagi,Consumer,Vijayawada,Karnataka,1,2023-05-29,2023-05
C00283,Damini Sehgal,Consumer,Rourkela,Tamil Nadu,3,2024-04-08,2024-04
C00284,Indali Sekhon,Home Office,Nagercoil,Punjab,2,2023-07-12,2023-07
C00285,Anvi Bhandari,Consumer,Machilipatnam,Kerala,3,2023-12-24,2023-12
C00286,Azaan Dhar,Corporate,Visakhapatnam,Chhattisgarh,3,2024-10-23,2024-10
C00287,Warinder Peri,Consumer,Yamunanagar,Odisha,4,2024-09-10,2024-09
C00288,Mitesh Sengupta,Corporate,Serampore,Manipur,2,2023-03-09,2023-03
C00289,Laksh Wagle,Corporate,Sikar,Karnataka,1,2023-11-06,2023-11
C00290,Zaid Comar,Home Office,Gaya,Meghalaya,2,2023-07-22,2023-07
C00291,Jacob Lala,Corporate,Amroha,Gujarat,2,2023-01-03,2023-01
C00292,Vritti Iyengar,Consumer,Bhavnagar,West Bengal,3,2024-07-17,2024-07
C00293,Siya Gera,Corporate,Chandigarh,Uttar Pradesh,1,2024-04-10,2024-04
C00294,Idika Bhattacharyya,Corporate,Dewas,West Bengal,2,2023-07-11,2023-07
C00295,Owen Pathak,Home Office,Bhilai,Gujarat,4,2024-06-25,2024-06
C00296,Warjas Tak,Home Office,Karimnagar,Nagaland,2,2024-02-08,2024-02
C00297,Unni Dayal,Home Office,Amritsar,Jharkhand,3,2023-11-09,2023-11
C00298,Varenya Vora,Home Office,Alappuzha,Uttarakhand,1,2023-01-08,2023-01
C00299,Jeremiah Nadig,Corporate,Hospet,Manipur,2,2023-02-25,2023-02
C00300,Kabir Gopal,Corporate,Bhiwani,Mizoram,3,2024-10-07,2024-10
C00301,Jeet Vasa,Corporate,Avadi,Goa,2,2024-10-22,2024-10
C00302,Ekantika Kar,Corporate,Kadapa,Jharkhand,2,2024-02-03,2024-02
C00303,Zashil Hegde,Home Office,Cuttack,Rajasthan,3,2024-09-02,2024-09
C00304,Girik Thakkar,Consumer,Guntakal,Odisha,1,2024-03-01,2024-03
C00305,Onveer Nazareth,Consumer,Bhopal,Assam,4,2023-04-19,2023-04
C00306,Alka Kade,Corporate,Tadipatri,Rajasthan,4,2023-04-04,2023-04
C00307,Widisha Mann,Consumer,Karawal Nagar,Haryana,1,2023-08-14,2023-08
C00308,Chameli Setty,Home Office,Allahabad,Goa,3,2024-10-19,2024-10
C00309,Ojasvi Sule,Corporate,Kurnool,Karnataka,1,2024-08-04,2024-08
C00310,Dhriti Nagar,Consumer,Silchar,Chhattisgarh,1,2024-09-21,2024-09
C00311,Yutika Cherian,Consumer,New Delhi,Manipur,1,2024-10-19,2024-10
C00312,Amara Sengupta,Consumer,Ajmer,Bihar,1,2023-06-03,2023-06
C00313,Bina Rajagopalan,Consumer,Kulti,West Bengal,2,2023-07-02,2023-07
C00314,Falak Munshi,Home Office,Kozhikode,Meghalaya,1,2023-03-17,2023-03
C00315,Wishi Morar,Home Office,Lucknow,Assam,1,2024-07-24,2024-07
C00316,Yashasvi Shankar,Consumer,Thrissur,Odisha,4,2024-10-08,2024-10
C00317,Chanakya Bedi,Corporate,Shimla,Punjab,3,2023-10-25,2023-10
C00318,Bhavika Yadav,Home Office,Moradabad,Maharashtra,4,2024-03-29,2024-03
C00319,Aishani Pau,Corporate,Ambarnath,Arunachal Pradesh,4,2023-04-23,2023-04
C00320,Charan Hayer,Consumer,Begusarai,Jharkhand,3,2024-11-10,2024-11
C00321,Libni Thaman,Corporate,Jamalpur,Himachal Pradesh,2,2024-09-24,2024-09
C00322,Kabir Chatterjee,Consumer,Dindigul,Uttar Pradesh,1,2024-12-14,2024-12
C00323,Jasmit Dhawan,Corporate,Madanapalle,Mizoram,2,2024-08-15,2024-08
C00324,Xiti Baria,Consumer,Agra,Chhattisgarh,3,2024-10-06,2024-10
C00325,Urvi Venkataraman,Consumer,Jalgaon,Punjab,4,2023-01-19,2023-01
C00326,Falak Nagar,Home Office,Singrauli,Punjab,4,2024-06-22,2024-06
C00327,Gayathri Tripathi,Home Office,Phusro,Jharkhand,4,2023-08-31,2023-08
C00328,Anay Pillay,Consumer,Bhubaneswar,Maharashtra,1,2024-11-11,2024-11
C00329,Avi Som,Consumer,Adoni,Odisha,4,2024-08-09,2024-08
C00330,Charan Srinivasan,Corporate,Loni,Rajasthan,4,2024-09-23,2024-09
C00331,Manbir Kibe,Consumer,Chapra,Tamil Nadu,2,2024-08-15,2024-08
C00332,Rayaan Bahl,Consumer,Satara,Maharashtra,1,2023-07-15,2023-07
C00333,Nitara Jani,Home Office,Orai,Tripura,4,2024-07-29,2024-07
C00334,David Devi,Consumer,Kishanganj,Karnataka,3,2023-03-21,2023-03
C00335,Krisha Murthy,Corporate,Jaunpur,Nagaland,1,2024-09-29,2024-09
C00336,Irya Lalla,Consumer,Nellore,Haryana,1,2024-09-19,2024-09
C00337,Chanchal Kar,Corporate,Tumkur,Tamil Nadu,1,2023-06-12,2023-06
C00338,Vrinda Nadig,Consumer,Karnal,Nagaland,3,2024-08-19,2024-08
C00339,Bhavna Dara,Home Office,Tenali,Uttarakhand,2,2023-12-03,2023-12
C00340,Madhav Mannan,Consumer,Tumkur,Tamil Nadu,1,2023-08-12,2023-08
C00341,Hiral Sathe,Corporate,Nangloi Jat,Gujarat,2,2024-08-04,2024-08
C00342,Anika Magar,Consumer,Moradabad,Punjab,2,2023-06-16,2023-06
C00343,Xavier Bedi,Home Office,Muzaffarpur,Arunachal Pradesh,1,2023-01-18,2023-01
C00344,Odika Narayanan,Consumer,Salem,Sikkim,4,2023-05-22,2023-05
C00345,Abdul Dugar,Consumer,Fatehpur,Meghalaya,1,2023-08-28,2023-08
C00346,Bhavna Nagi,Consumer,Allahabad,Tripura,3,2024-09-23,2024-09
C00347,Vincent Warrior,Consumer,Akola,Maharashtra,1,2024-12-07,2024-12
C00348,Balhaar Ranganathan,Corporate,Gaya,Telangana,1,2023-07-24,2023-07
C00349,Baljiwan Andra,Home Office,Tezpur,Punjab,3,2024-04-13,2024-04
C00350,Gautami Mane,Corporate,Tinsukia,Mizoram,1,2023-10-20,2023-10
C00351,Krish Thaman,Consumer,Darbhanga,Gujarat,3,2024-12-18,2024-12
C00352,Ganga Gaba,Consumer,Bardhaman,Tamil Nadu,1,2024-01-27,2024-01
C00353,Akshay Nazareth,Consumer,Tezpur,Sikkim,2,2024-11-17,2024-11
C00354,Parth Ravi,Corporate,Kottayam,Karnataka,1,2023-03-26,2023-03
C00355,Nandini Chandran,Home Office,Kolhapur,Meghalaya,2,2024-12-10,2024-12
C00356,Yuvraj Ahuja,Home Office,Yamunanagar,Haryana,3,2023-05-11,2023-05
C00357,Amara Narayan,Corporate,Ballia,Telangana,1,2024-12-04,2024-12
C00358,Advika Parsa,Corporate,Ghaziabad,Sikkim,3,2023-07-14,2023-07
C00359,Udyati Mohanty,Consumer,Machilipatnam,Sikkim,2,2023-03-21,2023-03
C00360,Jacob Merchant,Consumer,Srikakulam,Haryana,1,2023-11-14,2023-11
C00361,Kiaan Sridhar,Home Office,Malda,Telangana,1,2024-06-16,2024-06
C00362,Ojasvi Sinha,Consumer,Shahjahanpur,Sikkim,1,2023-08-18,2023-08
C00363,Sanya Wable,Corporate,Solapur,Odisha,4,2024-03-19,2024-03
C00364,David Tiwari,Consumer,Chapra,Nagaland,3,2024-01-09,2024-01
C00365,Nitesh Narang,Consumer,Bhiwandi,Sikkim,2,2023-10-09,2023-10
C00366,Vrinda Chand,Consumer,Pimpri-Chinchwad,Manipur,2,2024-02-26,2024-02
C00367,Yochana Sagar,Corporate,Phusro,Arunachal Pradesh,3,2023-07-06,2023-07
C00368,Darika Bains,Consumer,Rohtak,Uttarakhand,1,2024-06-02,2024-06
C00369,Tejas Bora,Corporate,Bhusawal,Kerala,1,2023-01-02,2023-01
C00370,Darpan Biswas,Consumer,Patna,Jharkhand,3,2024-11-07,2024-11
C00371,Pranit Deshmukh,Consumer,Dindigul,Madhya Pradesh,4,2024-01-29,2024-01
C00372,Krishna Prashad,Consumer,Panvel,Chhattisgarh,3,2024-06-09,2024-06
C00373,Jagat Gokhale,Corporate,Dehri,Chhattisgarh,1,2024-06-26,2024-06
C00374,Aarush Bajaj,Corporate,Madhyamgram,Sikkim,3,2024-05-05,2024-05
C00375,Ladli Karpe,Consumer,Jaunpur,Kerala,2,2023-09-24,2023-09
C00376,Anya Gulati,Corporate,Patna,Uttar Pradesh,2,2023-02-21,2023-02
C00377,Amol Khosla,Consumer,Jabalpur,Bihar,2,2024-04-30,2024-04
C00378,Sanya Bava,Corporate,Varanasi,Madhya Pradesh,3,2023-08-30,2023-08
C00379,Vivaan Zacharia,Consumer,Pimpri-Chinchwad,Chhattisgarh,3,2023-08-18,2023-08
C00380,Vivaan Nagar,Corporate,Patiala,Jharkhand,1,2024-09-11,2024-09
C00381,Timothy Sachdev,Corporate,Panipat,Arunachal Pradesh,4,2024-06-10,2024-06
C00382,Prisha Tandon,Home Office,Hapur,Rajasthan,2,2023-08-08,2023-08
C00383,Eiravati Saha,Corporate,Jalgaon,Jharkhand,3,2023-08-15,2023-08
C00384,Qarin Yogi,Corporate,New Delhi,West Bengal,1,2023-10-26,2023-10
C00385,Charita Dhawan,Consumer,Howrah,Nagaland,4,2023-10-22,2023-10
C00386,Omaja Wagle,Home Office,Munger,Haryana,1,2023-08-05,2023-08
C00387,Samar Narayanan,Consumer,Hospet,West Bengal,4,2023-04-04,2023-04
C00388,George Wason,Consumer,Faridabad,Himachal Pradesh,2,2023-11-04,2023-11
C00389,Balveer Bora,Consumer,Dharmavaram,Telangana,1,2024-11-18,2024-11
C00390,Varenya Joshi,Consumer,Avadi,Andhra Pradesh,3,2024-05-10,2024-05
C00391,Ranveer Dalal,Consumer,Latur,Tamil Nadu,3,2024-10-21,2024-10
C00392,Mekhala Khatri,Corporate,Ichalkaranji,Madhya Pradesh,3,2024-03-25,2024-03
C00393,Jagrati Morar,Consumer,Karimnagar,Mizoram,3,2023-08-08,2023-08
C00394,Unnati Chaudhari,Consumer,Imphal,Gujarat,4,2024-02-05,2024-02
C00395,Dhriti Sachdev,Corporate,Phusro,West Bengal,4,2023-01-01,2023-01
C00396,Madhav Babu,Corporate,Begusarai,Odisha,1,2023-07-29,2023-07
C00397,Chakrika Dua,Home Office,Ozhukarai,Haryana,3,2023-11-11,2023-11
C00398,Yatan Tata,Corporate,Bardhaman,Tripura,4,2024-02-28,2024-02
C00399,Vritti Sharma,Consumer,Nagercoil,Goa,2,2024-04-23,2024-04
C00400,Vrinda Gour,Consumer,Loni,Arunachal Pradesh,1,2023-12-06,2023-12
C00401,Chanakya Ahuja,Consumer,Durgapur,Uttarakhand,4,2023-11-20,2023-11
C00402,Ekansh Dora,Consumer,Bellary,Mizoram,2,2023-06-06,2023-06
C00403,Kashvi Bhasin,Consumer,Morbi,Andhra Pradesh,1,2023-12-12,2023-12
C00404,Nisha Arora,Corporate,Bettiah,Telangana,4,2024-10-20,2024-10
C00405,Bhavini Badal,Consumer,Mangalore,Bihar,2,2024-08-04,2024-08
C00406,Manthan Khosla,Consumer,Udupi,Mizoram,2,2023-05-05,2023-05
C00407,Irya Loke,Corporate,Vijayawada,Kerala,1,2023-03-03,2023-03
C00408,Tripti Kohli,Consumer,Dewas,Sikkim,3,2024-01-12,2024-01
C00409,Azad Chander,Corporate,Nadiad,Madhya Pradesh,3,2024-04-07,2024-04
C00410,Daksh Andra,Corporate,Gwalior,Meghalaya,3,2023-09-03,2023-09
C00411,Garima Chandran,Home Office,Berhampur,Gujarat,1,2024-08-21,2024-08
C00412,Anika Batra,Consumer,Parbhani,Nagaland,4,2024-07-03,2024-07
C00413,Praneel Murty,Home Office,Dhule,Odisha,1,2024-05-06,2024-05
C00414,Mitali Bose,Corporate,Ujjain,Odisha,4,2023-06-14,2023-06
C00415,Lopa Zachariah,Consumer,Yamunanagar,Tripura,3,2023-05-26,2023-05
C00416,Farhan Tella,Home Office,Meerut,Bihar,2,2023-01-18,2023-01
C00417,Vincent Borra,Corporate,Mahbubnagar,Tripura,3,2023-06-28,2023-06
C00418,Eta Balan,Corporate,Hospet,Meghalaya,2,2023-12-14,2023-12
C00419,Ishani Prashad,Corporate,Gaya,Sikkim,2,2024-09-13,2024-09
C00420,Frederick Merchant,Consumer,Srinagar,Assam,3,2023-02-23,2023-02
C00421,Mitesh Rai,Corporate,Pali,Karnataka,3,2023-10-30,2023-10
C00422,Hredhaan Chand,Home Office,Aizawl,Manipur,3,2024-04-05,2024-04
C00423,Anamika Chaudry,Corporate,Chandigarh,Goa,1,2023-05-23,2023-05
C00424,Saumya Vala,Home Office,Kota,Andhra Pradesh,2,2024-05-24,2024-05
C00425,Irya Chander,Corporate,Kharagpur,Andhra Pradesh,3,2023-12-28,2023-12
C00426,Odika Rama,Consumer,Karaikudi,Haryana,3,2023-06-28,2023-06
C00427,Lajita Gara,Consumer,Agartala,Jharkhand,2,2024-04-24,2024-04
C00428,Waida Dhingra,Corporate,Rourkela,Maharashtra,1,2023-01-05,2023-01
C00429,Oviya Mistry,Consumer,Solapur,Kerala,2,2024-07-02,2024-07
C00430,Yatin Tandon,Corporate,Berhampore,Bihar,1,2024-07-16,2024-07
C00431,Daksha Ahuja,Home Office,Thoothukudi,Uttarakhand,4,2023-03-19,2023-03
C00432,Forum Sarraf,Consumer,Chinsurah,Uttarakhand,2,2023-11-07,2023-11
C00433,Charita Nagi,Corporate,Nangloi Jat,Karnataka,1,2023-05-09,2023-05
C00434,Mitali Nagar,Consumer,Pallavaram,Odisha,4,2024-12-01,2024-12
C00435,Eshana Puri,Corporate,Singrauli,Kerala,2,2024-01-14,2024-01
C00436,Ryan Gole,Corporate,Surendranagar Dudhrej,Tamil Nadu,4,2023-02-06,2023-02
C00437,Raksha Manne,Consumer,Alappuzha,Sikkim,3,2023-07-02,2023-07
C00438,Liam Mitter,Consumer,Nizamabad,Sikkim,1,2024-09-12,2024-09
C00439,Pallavi Purohit,Consumer,Sultan Pur Majra,Punjab,2,2023-11-30,2023-11
C00440,Nandini Warrior,Corporate,Tinsukia,Arunachal Pradesh,3,2024-08-08,2024-08
C00441,Frederick Chopra,Consumer,Raichur,Goa,1,2024-05-02,2024-05
C00442,Mugdha Narula,Consumer,Aligarh,Andhra Pradesh,1,2024-12-23,2024-12
C00443,Aarna Kapadia,Consumer,Amroha,Kerala,2,2024-03-11,2024-03
C00444,Ubika Tella,Consumer,Hapur,Andhra Pradesh,2,2024-11-25,2024-11
C00445,Henry Merchant,Consumer,Guwahati,Bihar,4,2024-10-13,2024-10
C00446,Ijaya Muni,Home Office,Sirsa,Uttar Pradesh,2,2024-03-23,2024-03
C00447,Vasudha Pall,Consumer,Jalandhar,Manipur,3,2024-06-09,2024-06
C00448,Eiravati Bhavsar,Consumer,Varanasi,Uttar Pradesh,1,2024-01-04,2024-01
C00449,Arin Oza,Consumer,Dehradun,Telangana,3,2024-08-30,2024-08
C00450,Zaitra Ghosh,Consumer,Bathinda,Nagaland,1,2024-02-05,2024-02
C00451,Turvi Kata,Home Office,Udaipur,Goa,3,2024-10-17,2024-10
C00452,Meghana Balakrishnan,Home Office,Hospet,Odisha,4,2024-06-27,2024-06
C00453,Lopa Agrawal,Home Office,Tiruppur,Himachal Pradesh,4,2023-12-13,2023-12
C00454,Harsh Yadav,Consumer,Ambarnath,Karnataka,2,2023-07-09,2023-07
C00455,Tanvi Comar,Consumer,Unnao,Mizoram,4,2023-06-30,2023-06
C00456,Lipika Ramanathan,Corporate,Karnal,Kerala,2,2024-04-11,2024-04
C00457,Orinder Mishra,Home Office,Guntur,Karnataka,3,2024-07-13,2024-07
C00458,William Mody,Corporate,South Dumdum,Kerala,2,2024-01-17,2024-01
C00459,Yasti Rama,Consumer,Kavali,Chhattisgarh,4,2024-04-03,2024-04
C00460,Pallavi Grewal,Consumer,Siwan,Tamil Nadu,2,2023-07-20,2023-07
C00461,Ojas Suri,Consumer,Kolhapur,Goa,3,2023-02-26,2023-02
C00462,Shravya Bera,Consumer,Bangalore,Meghalaya,4,2023-07-28,2023-07
C00463,Robert Rajagopalan,Consumer,Alappuzha,Sikkim,3,2023-07-18,2023-07
C00464,Ojasvi Sawhney,Corporate,Rourkela,Assam,2,2023-08-22,2023-08
C00465,Thomas Master,Consumer,Panipat,Haryana,1,2024-01-30,2024-01
C00466,Om Shankar,Corporate,Jamalpur,Mizoram,3,2023-04-12,2023-04
C00467,Ishaan Loyal,Consumer,Hosur,Uttarakhand,3,2023-06-19,2023-06
C00468,Ridhi Kamdar,Corporate,Kota,Telangana,2,2024-05-22,2024-05
C00469,Chameli Bali,Consumer,Firozabad,Kerala,2,2024-05-31,2024-05
C00470,Reva Dalal,Corporate,Bhagalpur,Uttar Pradesh,2,2023-02-16,2023-02
C00471,Priya Gandhi,Home Office,Tiruppur,Uttarakhand,1,2023-10-25,2023-10
C00472,Daniel Panchal,Corporate,Kavali,Nagaland,4,2024-02-01,2024-02
C00473,Ekiya Master,Consumer,Chapra,Himachal Pradesh,1,2023-10-31,2023-10
C00474,Krishna Sabharwal,Consumer,Bally,West Bengal,1,2023-06-01,2023-06
C00475,Kevin Krish,Corporate,Pondicherry,Uttarakhand,4,2023-11-04,2023-11
C00476,Maya Suri,Corporate,Gangtok,Rajasthan,3,2024-10-23,2024-10
C00477,Oeshi Prashad,Consumer,Aurangabad,Rajasthan,1,2024-03-02,2024-03
C00478,Neha Varma,Home Office,Arrah,Manipur,4,2024-05-23,2024-05
C00479,Falak Agate,Home Office,Berhampore,Rajasthan,2,2024-09-18,2024-09
C00480,Dev Warrior,Home Office,Bellary,Maharashtra,3,2024-07-13,2024-07
C00481,Warda Loyal,Home Office,Anantapuram,Karnataka,4,2023-10-06,2023-10
C00482,Vedhika Oza,Consumer,Ranchi,Bihar,1,2023-01-05,2023-01
C00483,Amol Dash,Corporate,Gandhidham,Manipur,2,2023-09-15,2023-09
C00484,Priya Jain,Consumer,Barasat,Goa,1,2024-07-04,2024-07
C00485,Girik Patel,Consumer,Gwalior,Kerala,1,2024-09-15,2024-09
C00486,Charles Randhawa,Corporate,Muzaffarpur,Maharashtra,4,2024-11-27,2024-11
C00487,Girish Agarwal,Consumer,Morena,Assam,1,2023-11-03,2023-11
C00488,Upkaar Venkataraman,Consumer,Bangalore,Andhra Pradesh,3,2024-06-30,2024-06
C00489,Jai Sami,Corporate,Morena,Assam,2,2024-02-04,2024-02
C00490,Leela Chakraborty,Home Office,Kota,Karnataka,1,2024-03-16,2024-03
C00491,Chandani Devan,Home Office,Guntur,Rajasthan,1,2023-06-11,2023-06
C00492,Ekapad Wali,Corporate,Phagwara,Rajasthan,4,2023-06-10,2023-06
C00493,Ria Panchal,Consumer,Saharanpur,Maharashtra,2,2023-11-15,2023-11
C00494,Teerth Chadha,Home Office,Kolhapur,Tripura,1,2023-01-22,2023-01
C00495,Leena Panchal,Consumer,Satna,Uttar Pradesh,3,2023-09-03,2023-09
C00496,Yug Malhotra,Consumer,Kulti,Nagaland,1,2024-05-11,2024-05
C00497,Avi Mitra,Consumer,Kadapa,Punjab,1,2023-10-23,2023-10
C00498,Manya Merchant,Consumer,Mathura,Meghalaya,2,2023-05-01,2023-05
C00499,Isaiah Khosla,Corporate,Hindupur,Assam,4,2023-12-08,2023-12
C00500,Jalsa Nadig,Consumer,Munger,West Bengal,3,2023-04-04,2023-04
C00501,Jasmit Gera,Consumer,Srinagar,Andhra Pradesh,2,2024-03-30,2024-03
C00502,Akshay Lala,Consumer,Thane,Arunachal Pradesh,3,2023-01-20,2023-01
C00503,Yashawini Mangat,Consumer,Bhusawal,Tamil Nadu,4,2023-10-16,2023-10
C00504,Fitan Yadav,Consumer,Alwar,Assam,3,2024-02-17,2024-02
C00505,Farhan Vaidya,Corporate,Bhatpara,Nagaland,4,2023-01-20,2023-01
C00506,Mahika Bhatti,Corporate,Junagadh,Telangana,3,2024-04-14,2024-04
C00507,Dalbir Konda,Corporate,Raebareli,Bihar,2,2023-04-10,2023-04
C00508,Christopher More,Corporate,Jamshedpur,Andhra Pradesh,1,2023-12-04,2023-12
C00509,Advay Gade,Consumer,Sri Ganganagar,Mizoram,3,2023-02-06,2023-02
C00510,Ojas Prabhu,Consumer,Agartala,Telangana,4,2023-10-05,2023-10
C00511,Ayushman Nayak,Corporate,Darbhanga,Mizoram,2,2023-06-04,2023-06
C00512,Adya Bose,Consumer,Sirsa,Mizoram,2,2023-08-27,2023-08
C00513,Christopher Tata,Consumer,Arrah,Goa,2,2024-07-10,2024-07
C00514,Harshil D’Alia,Corporate,Danapur,Andhra Pradesh,3,2023-10-05,2023-10
C00515,Advik Konda,Home Office,Chittoor,Kerala,4,2024-07-03,2024-07
C00516,Mason Gola,Corporate,Begusarai,Uttar Pradesh,3,2024-08-31,2024-08
C00517,Udarsh Nagy,Corporate,Erode,Telangana,1,2023-07-04,2023-07
C00518,Anika Brahmbhatt,Consumer,Jamshedpur,Mizoram,4,2023-03-01,2023-03
C00519,Praneel Kapoor,Corporate,Rewa,Assam,2,2023-01-15,2023-01
C00520,Barkha Mukhopadhyay,Consumer,Chandigarh,Nagaland,3,2024-01-30,2024-01
C00521,Abhiram Pillay,Corporate,Jalna,Odisha,4,2024-12-31,2024-12
C00522,Xavier Shetty,Corporate,Gudivada,Meghalaya,3,2023-09-13,2023-09
C00523,Yatan Dora,Consumer,Alappuzha,Andhra Pradesh,3,2024-04-20,2024-04
C00524,Hiral Andra,Home Office,Mumbai,Tripura,4,2024-07-25,2024-07
C00525,Damyanti Chawla,Corporate,Bettiah,Haryana,4,2024-04-21,2024-04
C00526,Vyanjana Bhasin,Consumer,Parbhani,Assam,2,2024-07-05,2024-07
C00527,Vincent Venkatesh,Home Office,Serampore,Manipur,4,2024-11-25,2024-11
C00528,Girish Tiwari,Home Office,Singrauli,Assam,4,2023-05-26,2023-05
C00529,Radhika De,Corporate,Jalna,Himachal Pradesh,1,2023-01-15,2023-01
C00530,Maya Narain,Consumer,Bidhannagar,Himachal Pradesh,4,2023-04-22,2023-04
C00531,Falan Jain,Home Office,Bhimavaram,Bihar,4,2023-04-03,2023-04
C00532,Hitesh Gala,Consumer,Kirari Suleman Nagar,Karnataka,4,2024-05-04,2024-05
C00533,Jai Wason,Corporate,Dhule,Manipur,4,2024-02-17,2024-02
C00534,Ubika Lanka,Consumer,Mysore,Goa,3,2023-06-09,2023-06
C00535,Banjeet Kale,Consumer,Siliguri,Assam,4,2024-05-26,2024-05
C00536,Ishani Randhawa,Consumer,Dewas,Himachal Pradesh,1,2024-07-14,2024-07
C00537,Azaan Ravel,Consumer,Miryalaguda,Telangana,1,2023-05-03,2023-05
C00538,Girindra Shere,Consumer,Kolhapur,Bihar,1,2024-03-19,2024-03
C00539,David Kapadia,Home Office,Davanagere,Uttarakhand,3,2024-06-30,2024-06
C00540,Kashish Chad,Consumer,Aurangabad,Andhra Pradesh,1,2023-03-25,2023-03
C00541,Rudra Sawhney,Home Office,Tiruchirappalli,West Bengal,2,2024-08-21,2024-08
C00542,Jason Basak,Consumer,Dhanbad,Goa,3,2024-12-06,2024-12
C00543,Megha Taneja,Home Office,Eluru,Sikkim,3,2023-03-21,2023-03
C00544,Orinder Pandya,Consumer,Gaya,Himachal Pradesh,3,2023-01-19,2023-01
C00545,Sanaya Dixit,Corporate,Srikakulam,Punjab,1,2023-08-17,2023-08
C00546,Chakrika Tara,Consumer,Jamalpur,Meghalaya,1,2024-05-10,2024-05
C00547,Gagan Mammen,Consumer,Durgapur,Maharashtra,4,2024-12-01,2024-12
C00548,Zaid Bahl,Corporate,Secunderabad,Meghalaya,2,2023-10-17,2023-10
C00549,Hemangini Thakkar,Consumer,Munger,Himachal Pradesh,3,2024-06-06,2024-06
C00550,Atharv Nagar,Consumer,Ludhiana,Uttar Pradesh,2,2023-02-25,2023-02
C00551,Dalbir Sodhi,Home Office,Bhimavaram,Haryana,2,2024-05-19,2024-05
C00552,Harish Kota,Consumer,Shimoga,Nagaland,3,2024-04-03,2024-04
C00553,Theodore Rama,Corporate,Malegaon,Goa,1,2023-03-16,2023-03
C00554,Eesha Parmer,Corporate,Nagercoil,Odisha,3,2024-07-18,2024-07
C00555,Raghav Tailor,Consumer,Akola,Meghalaya,3,2024-09-13,2024-09
C00556,Gautam Bhalla,Consumer,Madanapalle,Haryana,1,2024-03-14,2024-03
C00557,Vanya Acharya,Consumer,Srikakulam,Gujarat,2,2023-03-30,2023-03
C00558,Harini Goel,Consumer,Allahabad,Andhra Pradesh,1,2024-12-20,2024-12
C00559,Lucky Choudhry,Consumer,Srinagar,Kerala,3,2024-07-26,2024-07
C00560,Harrison Nayar,Consumer,North Dumdum,Chhattisgarh,2,2023-09-11,2023-09
C00561,Rajeshri Sur,Consumer,Akola,Tamil Nadu,1,2023-11-10,2023-11
C00562,Udant Gill,Corporate,Aizawl,Telangana,1,2023-09-28,2023-09
C00563,Joshua Goel,Home Office,Chapra,Madhya Pradesh,1,2024-01-05,2024-01
C00564,Qabil Nadkarni,Corporate,Buxar,Bihar,2,2023-09-07,2023-09
C00565,Lohit Narula,Consumer,Patiala,Kerala,1,2024-09-13,2024-09
C00566,Oliver Chakrabarti,Consumer,Amroha,Andhra Pradesh,3,2024-08-24,2024-08
C00567,Shaurya Krish,Corporate,Etawah,Himachal Pradesh,1,2023-03-19,2023-03
C00568,Aarav Bava,Consumer,Bahraich,Telangana,3,2024-12-03,2024-12
C00569,Ojas Sachdev,Consumer,Burhanpur,Kerala,3,2024-04-09,2024-04
C00570,Harrison Srinivas,Consumer,Ujjain,Manipur,2,2024-08-28,2024-08
C00571,Bahadurjit Menon,Consumer,Imphal,Himachal Pradesh,1,2024-06-01,2024-06
C00572,Ethan Oommen,Consumer,Gandhinagar,Goa,4,2023-11-15,2023-11
C00573,Girik Nigam,Corporate,Ludhiana,Maharashtra,2,2024-06-20,2024-06
C00574,Radha Dugar,Consumer,Salem,Karnataka,3,2024-12-06,2024-12
C00575,Ranveer Rout,Consumer,Ichalkaranji,Jharkhand,2,2023-07-17,2023-07
C00576,Gopal Bawa,Corporate,Aurangabad,Nagaland,1,2024-08-13,2024-08
C00577,Mitesh Bhagat,Consumer,Delhi,Maharashtra,2,2024-01-29,2024-01
C00578,Chaitaly Srinivasan,Corporate,Jalandhar,Andhra Pradesh,4,2023-12-20,2023-12
C00579,Onkar Manne,Consumer,Bhalswa Jahangir Pur,West Bengal,1,2023-11-15,2023-11
C00580,Darika Rao,Consumer,Unnao,Sikkim,3,2024-06-18,2024-06
C00581,Gavin Ram,Consumer,Uluberia,Madhya Pradesh,2,2023-07-16,2023-07
C00582,Rachit Sehgal,Home Office,Firozabad,Manipur,2,2024-09-14,2024-09
C00583,Adya Kara,Consumer,Phusro,Arunachal Pradesh,3,2024-08-30,2024-08
C00584,Gunbir Chada,Home Office,Hosur,Maharashtra,4,2023-03-05,2023-03
C00585,Darsh Ram,Corporate,Jorhat,Sikkim,1,2024-10-06,2024-10
C00586,Warinder Soni,Consumer,Vijayawada,Madhya Pradesh,1,2023-06-28,2023-06
C00587,Yadavi Varughese,Consumer,Jamshedpur,Tripura,4,2023-12-06,2023-12
C00588,Oscar Ganesh,Consumer,Nellore,Chhattisgarh,3,2024-03-22,2024-03
C00589,Pallavi Brar,Consumer,Panihati,Uttarakhand,2,2023-10-05,2023-10
C00590,Aarna Nagarajan,Consumer,Chandigarh,Madhya Pradesh,1,2023-01-21,2023-01
C00591,Eshana Majumdar,Consumer,Ahmedabad,Uttar Pradesh,1,2024-09-14,2024-09
C00592,Isaiah Sachdeva,Corporate,Siliguri,Odisha,4,2023-05-13,2023-05
C00593,Hitesh Chaudhuri,Consumer,Jorhat,Kerala,4,2023-06-05,2023-06
C00594,Aishani Rajagopal,Home Office,Aurangabad,Punjab,4,2024-08-06,2024-08
C00595,Baljiwan Gera,Home Office,Sambhal,Chhattisgarh,3,2023-09-06,2023-09
C00596,Balvan Randhawa,Home Office,Patiala,Arunachal Pradesh,4,2024-10-05,2024-10
C00597,Amruta Pradhan,Corporate,Naihati,Uttarakhand,1,2024-05-27,2024-05
C00598,Deepa Mand,Consumer,Navi Mumbai,West Bengal,3,2023-07-21,2023-07
C00599,Krish Mital,Home Office,Pondicherry,Himachal Pradesh,3,2023-01-08,2023-01
C00600,Gaurav Guha,Corporate,Rajpur Sonarpur,Uttarakhand,1,2024-11-24,2024-11
C00601,Vedhika Varty,Consumer,Pimpri-Chinchwad,Mizoram,3,2023-03-04,2023-03
C00602,Dominic Mukhopadhyay,Consumer,Bhavnagar,Tripura,3,2024-06-10,2024-06
C00603,Oscar Hans,Corporate,Howrah,Haryana,4,2023-12-24,2023-12
C00604,Tanmayi Bedi,Corporate,Davanagere,Himachal Pradesh,1,2024-07-08,2024-07
C00605,Ucchal Tiwari,Home Office,Amravati,Sikkim,4,2024-05-19,2024-05
C00606,Wyatt Pradhan,Consumer,Hindupur,Manipur,3,2024-04-17,2024-04
C00607,Urvi Palla,Consumer,Ujjain,Uttarakhand,3,2023-12-25,2023-12
C00608,Gautam Mane,Consumer,Kharagpur,Arunachal Pradesh,4,2024-08-02,2024-08
C00609,Tanish Kant,Corporate,Tiruppur,Himachal Pradesh,2,2023-03-10,2023-03
C00610,Yochana Bahri,Corporate,Bhalswa Jahangir Pur,Chhattisgarh,1,2023-06-11,2023-06
C00611,Abhiram Kapur,Consumer,Narasaraopet,Uttar Pradesh,4,2024-05-20,2024-05
C00612,Anvi Sampath,Consumer,Karnal,Manipur,2,2023-08-12,2023-08
C00613,Tejas Shukla,Corporate,Saharsa,Uttarakhand,4,2024-03-01,2024-03
C00614,Harsh Amble,Consumer,Kishanganj,Rajasthan,2,2023-12-12,2023-12
C00615,Chanchal Chokshi,Consumer,Rajkot,Karnataka,2,2024-01-24,2024-01
C00616,Ekta Malhotra,Consumer,Bihar Sharif,Gujarat,4,2023-11-08,2023-11
C00617,Zansi Khosla,Consumer,Ghaziabad,Madhya Pradesh,3,2024-06-29,2024-06
C00618,Logan Bal,Corporate,Sagar,Himachal Pradesh,1,2023-08-30,2023-08
C00619,Nidhi Rama,Corporate,Ballia,Tamil Nadu,1,2024-05-28,2024-05
C00620,Hemal Kapadia,Consumer,Secunderabad,Mizoram,1,2023-07-18,2023-07
C00621,Onkar Golla,Consumer,Jalandhar,Meghalaya,3,2023-07-03,2023-07
C00622,Aarna Goswami,Consumer,Hubli–Dharwad,Haryana,2,2023-03-30,2023-03
C00623,Udant Mohanty,Corporate,Bathinda,Kerala,1,2023-05-21,2023-05
C00624,Chaitaly Sheth,Corporate,Nandyal,Arunachal Pradesh,1,2023-03-29,2023-03
C00625,Urmi Hayer,Consumer,Eluru,Mizoram,2,2024-01-27,2024-01
C00626,Odika Bhagat,Corporate,Durgapur,Gujarat,2,2024-07-11,2024-07
C00627,Nimrat Shankar,Corporate,Satna,West Bengal,2,2023-05-16,2023-05
C00628,Faris Sura,Consumer,Belgaum,Karnataka,1,2023-06-08,2023-06
C00629,Aayush Seth,Corporate,Bhagalpur,Tripura,2,2023-12-20,2023-12
C00630,Nathan Suri,Corporate,Bikaner,Punjab,1,2024-06-13,2024-06
C00631,Pushti Raval,Consumer,Morena,Madhya Pradesh,1,2024-12-14,2024-12
C00632,Baljiwan Walla,Consumer,Dindigul,Andhra Pradesh,3,2024-01-19,2024-01
C00633,Rayaan Badami,Home Office,Kulti,Haryana,4,2023-07-26,2023-07
C00634,Devika Dayal,Consumer,Yamunanagar,Mizoram,1,2023-03-15,2023-03
C00635,Oliver Bhattacharyya,Corporate,Bihar Sharif,Jharkhand,3,2023-05-22,2023-05
C00636,Zinal Viswanathan,Corporate,Raebareli,Sikkim,1,2023-06-16,2023-06
C00637,Hema Suri,Consumer,Maheshtala,Goa,4,2023-05-12,2023-05
C00638,Anirudh Kari,Corporate,Mira-Bhayandar,Gujarat,2,2023-01-11,2023-01
C00639,Yamini Gara,Consumer,Ambarnath,Tamil Nadu,4,2024-01-26,2024-01
C00640,Keya Kumer,Home Office,Hindupur,Arunachal Pradesh,1,2023-07-20,2023-07
C00641,Anmol Bava,Consumer,Erode,Manipur,4,2024-12-13,2024-12
C00642,Jatin Krishnan,Corporate,Jamnagar,Gujarat,1,2024-02-09,2024-02
C00643,Charvi Salvi,Consumer,Saharsa,Himachal Pradesh,4,2024-05-24,2024-05
C00644,Omya Cheema,Consumer,Ichalkaranji,Bihar,4,2023-04-03,2023-04
C00645,Widisha Issac,Corporate,Firozabad,Uttarakhand,3,2024-09-26,2024-09
C00646,Ishita Rout,Corporate,Nanded,Arunachal Pradesh,2,2023-12-25,2023-12
C00647,Sarthak Srivastava,Consumer,Noida,Andhra Pradesh,3,2024-09-29,2024-09
C00648,Gaurav Choudhry,Home Office,Jalgaon,Assam,2,2024-02-24,2024-02
C00649,Harrison Kunda,Corporate,Sirsa,Jharkhand,1,2023-12-10,2023-12
C00650,Ucchal Bedi,Consumer,Akola,West Bengal,3,2023-11-18,2023-11
C00651,Bina Parsa,Consumer,Purnia,Telangana,3,2023-05-15,2023-05
C00652,Girish Bath,Home Office,Durgapur,Sikkim,1,2023-02-07,2023-02
C00653,Falguni Parmar,Consumer,Agartala,Telangana,1,2024-11-18,2024-11
C00654,Kashish Oommen,Consumer,Raipur,Madhya Pradesh,1,2023-12-16,2023-12
C00655,Tanmayi Magar,Corporate,Morena,Uttar Pradesh,1,2024-08-23,2024-08
C00656,Ojas Chowdhury,Consumer,Allahabad,West Bengal,4,2023-10-20,2023-10
C00657,Hemang Saha,Corporate,Jehanabad,Sikkim,1,2023-02-24,2023-02
C00658,Pratyush Raghavan,Corporate,Pudukkottai,Andhra Pradesh,4,2024-04-05,2024-04
C00659,Vasudha Sura,Consumer,Bulandshahr,Manipur,3,2023-02-09,2023-02
C00660,Dev Lal,Consumer,Ahmedabad,Tamil Nadu,2,2023-04-20,2023-04
C00661,Hamsini Venkataraman,Corporate,Bhiwani,Sikkim,4,2024-02-16,2024-02
C00662,Vasatika Pal,Home Office,Jalgaon,Uttarakhand,2,2023-08-11,2023-08
C00663,Advay Dugar,Corporate,Shimla,West Bengal,3,2024-12-27,2024-12
C00664,Falan Swamy,Consumer,New Delhi,Karnataka,3,2023-03-28,2023-03
C00665,Chandresh Tripathi,Home Office,Jamalpur,Rajasthan,1,2024-07-12,2024-07
C00666,Neha Keer,Corporate,Jaunpur,Manipur,1,2024-03-19,2024-03
C00667,Gaurang Tara,Consumer,Satna,Bihar,3,2024-08-01,2024-08
C00668,Andrew Chauhan,Consumer,Haridwar,Arunachal Pradesh,4,2023-06-14,2023-06
C00669,Gavin Modi,Home Office,Sirsa,Karnataka,4,2024-01-18,2024-01
C00670,Chatura Kapoor,Corporate,Bathinda,Nagaland,1,2023-11-26,2023-11
C00671,Januja Sethi,Corporate,Jalandhar,Tripura,2,2023-11-20,2023-11
C00672,Aarnav Om,Corporate,Jalna,Nagaland,4,2024-09-20,2024-09
C00673,Hitesh Bath,Consumer,Kumbakonam,Chhattisgarh,1,2024-12-24,2024-12
C00674,Hredhaan Kumar,Corporate,Maheshtala,Bihar,3,2023-08-12,2023-08
C00675,Tanveer Shankar,Home Office,Sonipat,Bihar,1,2024-03-29,2024-03
C00676,Chakradhar Dasgupta,Corporate,Berhampore,Sikkim,4,2024-03-21,2024-03
C00677,Wishi Agrawal,Corporate,Begusarai,Maharashtra,3,2024-06-25,2024-06
C00678,Yashoda Goel,Home Office,Warangal,Bihar,2,2024-11-23,2024-11
C00679,Ekanta Thaman,Corporate,Gurgaon,Punjab,2,2023-06-01,2023-06
C00680,Anusha Rao,Consumer,Durg,Manipur,3,2023-06-04,2023-06
C00681,Lakshit Sachar,Corporate,Motihari,West Bengal,1,2024-04-27,2024-04
C00682,Teerth Iyer,Consumer,Ramagundam,Sikkim,4,2023-04-25,2023-04
C00683,Kevin Gokhale,Home Office,Bhiwandi,Tripura,3,2023-05-08,2023-05
C00684,Varsha Sahni,Corporate,Bhusawal,Uttar Pradesh,3,2023-02-24,2023-02
C00685,Hredhaan Bakshi,Home Office,Ulhasnagar,Arunachal Pradesh,3,2023-01-02,2023-01
C00686,Ryan Loke,Consumer,Baranagar,Sikkim,3,2023-11-26,2023-11
C00687,Madhav Bhatia,Home Office,Kurnool,Tripura,1,2024-03-10,2024-03
C00688,Jagrati Sethi,Corporate,Tadepalligudem,West Bengal,4,2023-08-01,2023-08
C00689,Lopa Khanna,Consumer,Nashik,Madhya Pradesh,4,2023-06-19,2023-06
C00690,Omaja Munshi,Consumer,Ahmedabad,Telangana,3,2024-05-31,2024-05
C00691,Samaksh Savant,Corporate,Arrah,Tripura,4,2024-05-28,2024-05
C00692,Rishi Menon,Consumer,Belgaum,Sikkim,3,2023-11-28,2023-11
C00693,Rachit Ghose,Consumer,Burhanpur,Arunachal Pradesh,3,2024-05-17,2024-05
C00694,Arya Lalla,Home Office,Nanded,Odisha,4,2024-11-06,2024-11
C00695,Abdul Narayanan,Corporate,Bhatpara,Arunachal Pradesh,1,2024-07-29,2024-07
C00696,Ekantika Behl,Corporate,Pallavaram,Uttar Pradesh,1,2024-04-01,2024-04
C00697,Elijah Nadkarni,Home Office,Udaipur,Mizoram,2,2024-04-28,2024-04
C00698,Yashasvi Dutta,Home Office,Tinsukia,Nagaland,2,2024-11-13,2024-11
C00699,George Palla,Consumer,Kakinada,Sikkim,2,2023-11-07,2023-11
C00700,Garima Patel,Home Office,Bellary,Tripura,3,2024-02-03,2024-02
C00701,Aditya Contractor,Home Office,Amroha,Haryana,1,2024-04-18,2024-04
C00702,Balveer Nagi,Consumer,Raipur,Madhya Pradesh,4,2024-10-26,2024-10
C00703,Barkha Bakshi,Corporate,Kottayam,Uttar Pradesh,3,2024-08-27,2024-08
C00704,Vidhi Bassi,Consumer,Nellore,Karnataka,1,2023-02-22,2023-02
C00705,Gopal Ganesh,Corporate,Amritsar,Gujarat,1,2023-05-02,2023-05
C00706,Panini Chawla,Consumer,Siwan,Uttarakhand,4,2023-08-13,2023-08
C00707,Ekbal Dube,Corporate,Jaunpur,Tamil Nadu,4,2024-07-01,2024-07
C00708,Baljiwan Chahal,Consumer,Meerut,Goa,1,2024-02-21,2024-02
C00709,Ekavir Kari,Corporate,Vellore,Madhya Pradesh,1,2023-07-30,2023-07
C00710,Nidhi Sant,Consumer,Pune,Madhya Pradesh,4,2023-04-01,2023-04
C00711,Abeer Bhatnagar,Corporate,Srinagar,Kerala,2,2024-05-18,2024-05
C00712,Bimala Mitra,Consumer,Ichalkaranji,Tripura,1,2024-05-26,2024-05
C00713,Lakshmi Rana,Consumer,Bhalswa Jahangir Pur,Goa,2,2024-11-20,2024-11
C00714,Laban Raman,Home Office,Asansol,Jharkhand,2,2024-01-01,2024-01
C00715,Advay Dhaliwal,Consumer,Kalyan-Dombivli,Andhra Pradesh,1,2023-12-27,2023-12
C00716,Frederick Mody,Consumer,Hapur,Gujarat,1,2023-02-28,2023-02
C00717,Yauvani Dhar,Home Office,Udaipur,Haryana,1,2023-01-30,2023-01
C00718,Rishi Contractor,Consumer,Tezpur,West Bengal,1,2023-11-12,2023-11
C00719,Triya Bora,Corporate,Jabalpur,Himachal Pradesh,4,2023-08-24,2023-08
C00720,Rudra Sur,Home Office,Raurkela Industrial Township,Chhattisgarh,1,2023-07-03,2023-07
C00721,Harish Mane,Corporate,Jammu,Karnataka,3,2023-03-08,2023-03
C00722,Shravya Narasimhan,Corporate,Bhimavaram,Chhattisgarh,3,2024-12-04,2024-12
C00723,Diya Sangha,Home Office,Kolkata,Karnataka,2,2024-09-03,2024-09
C00724,Timothy Sarin,Corporate,Karimnagar,Chhattisgarh,2,2024-02-25,2024-02
C00725,Varsha Shere,Corporate,Secunderabad,Tripura,1,2024-11-26,2024-11
C00726,Vidhi Chopra,Corporate,Medininagar,Assam,4,2024-12-31,2024-12
C00727,Logan Yohannan,Consumer,Firozabad,Telangana,4,2024-05-06,2024-05
C00728,Faqid Bahl,Home Office,Amaravati,Odisha,2,2023-07-17,2023-07
C00729,Simon Bansal,Corporate,Tinsukia,Nagaland,1,2023-01-30,2023-01
C00730,Manthan Pau,Consumer,Rajahmundry,Tripura,3,2024-07-06,2024-07
C00731,Krish Shetty,Consumer,Sikar,Kerala,2,2023-12-10,2023-12
C00732,William Gandhi,Consumer,Amroha,Goa,2,2024-04-21,2024-04
C00733,Madhav Sule,Corporate,Thane,Haryana,2,2024-10-31,2024-10
C00734,Vincent Bhatnagar,Home Office,Uluberia,Haryana,2,2023-05-13,2023-05
C00735,Samuel Vasa,Home Office,Munger,Meghalaya,1,2024-03-03,2024-03
C00736,Chakradhar Baral,Corporate,Kota,Tamil Nadu,4,2024-04-09,2024-04
C00737,Adya Ghosh,Home Office,Burhanpur,Kerala,1,2023-12-26,2023-12
C00738,Zansi Krishnamurthy,Consumer,Rajahmundry,Mizoram,3,2023-03-08,2023-03
C00739,Ira Pai,Corporate,Ongole,Punjab,2,2023-09-12,2023-09
C00740,Yachana Dewan,Home Office,Dehradun,Haryana,3,2023-09-01,2023-09
C00741,Yoshita Mand,Home Office,Jalgaon,Goa,2,2024-05-04,2024-05
C00742,Janaki Dani,Corporate,Vijayanagaram,Uttar Pradesh,1,2024-09-19,2024-09
C00743,Ishaan Subramaniam,Corporate,Nangloi Jat,Gujarat,1,2023-08-30,2023-08
C00744,Nirja Bains,Home Office,Varanasi,Chhattisgarh,1,2024-05-22,2024-05
C00745,Krish Vala,Consumer,Chapra,Chhattisgarh,1,2023-07-30,2023-07
C00746,Ojas Kuruvilla,Consumer,Hazaribagh,Madhya Pradesh,3,2024-11-21,2024-11
C00747,Bhanumati Chada,Consumer,Sultan Pur Majra,Punjab,1,2024-08-17,2024-08
C00748,Vasatika Garde,Consumer,Bulandshahr,Punjab,2,2024-02-07,2024-02
C00749,Qabil Vaidya,Home Office,Rourkela,Telangana,1,2023-11-29,2023-11
C00750,Sudiksha Biswas,Consumer,Burhanpur,Madhya Pradesh,1,2023-08-18,2023-08
C00751,Ikbal Babu,Corporate,Nagaon,West Bengal,3,2023-08-25,2023-08
C00752,Mason Char,Consumer,Fatehpur,Punjab,4,2024-12-10,2024-12
C00753,Yahvi Dalal,Consumer,Ongole,Sikkim,4,2023-10-23,2023-10
C00754,Aarav Sankar,Corporate,Uluberia,West Bengal,4,2024-01-12,2024-01
C00755,Pushti Karnik,Consumer,Eluru,Kerala,2,2024-12-23,2024-12
C00756,Pavani Desai,Home Office,Morena,Tripura,4,2024-04-25,2024-04
C00757,Fiyaz Mander,Corporate,Bardhaman,Gujarat,1,2024-02-01,2024-02
C00758,Abhimanyu Virk,Home Office,Saharsa,Andhra Pradesh,2,2023-10-30,2023-10
C00759,Samesh Mutti,Consumer,Mirzapur,Bihar,4,2023-05-18,2023-05
C00760,Pooja Kulkarni,Corporate,Jorhat,Maharashtra,3,2023-09-22,2023-09
C00761,Anya Ranganathan,Home Office,Haridwar,Nagaland,4,2024-07-06,2024-07
C00762,Praneel Prabhakar,Corporate,Nizamabad,Jharkhand,4,2024-04-02,2024-04
C00763,Mitali Devi,Corporate,Berhampur,Manipur,1,2024-07-09,2024-07
C00764,Harish Kala,Corporate,Sonipat,Uttar Pradesh,4,2023-05-29,2023-05
C00765,Naveen Ramachandran,Corporate,Mysore,Uttarakhand,4,2024-02-06,2024-02
C00766,Urishilla Saran,Consumer,Rajkot,Himachal Pradesh,3,2024-11-09,2024-11
C00767,Kamala Buch,Home Office,Yamunanagar,Madhya Pradesh,1,2023-11-17,2023-11
C00768,Dakshesh Gill,Consumer,Bahraich,Andhra Pradesh,1,2024-05-25,2024-05
C00769,Zarna Mangal,Corporate,Visakhapatnam,Uttar Pradesh,2,2023-03-30,2023-03
C00770,Omkaar Banik,Consumer,Mathura,Rajasthan,3,2024-12-12,2024-12
C00771,Nakul Chadha,Corporate,Silchar,Kerala,3,2024-03-21,2024-03
C00772,Nidra Iyer,Home Office,Coimbatore,Assam,1,2023-06-24,2023-06
C00773,Ijaya Palan,Home Office,Kamarhati,Punjab,3,2023-04-26,2023-04
C00774,Suhani Raval,Home Office,Bhilwara,Goa,2,2024-02-07,2024-02
C00775,Yashawini Chhabra,Consumer,Ambala,Jharkhand,3,2024-02-08,2024-02
C00776,Jackson Varghese,Consumer,Siwan,Uttarakhand,3,2023-03-10,2023-03
C00777,Saanvi Purohit,Consumer,Latur,Tripura,4,2024-12-26,2024-12
C00778,Tara Sharma,Corporate,Ongole,Bihar,1,2024-10-29,2024-10
C00779,Ekansh Raja,Corporate,Berhampur,Uttar Pradesh,3,2023-12-04,2023-12
C00780,Nitara Pandit,Consumer,Firozabad,Haryana,1,2023-03-27,2023-03
C00781,Girik Rastogi,Corporate,Aurangabad,Nagaland,1,2024-08-31,2024-08
C00782,Vamakshi Murthy,Corporate,Bellary,Odisha,4,2023-12-31,2023-12
C00783,Qadim Gupta,Consumer,Kollam,Haryana,4,2024-06-07,2024-06
C00784,Alka Jhaveri,Consumer,Panihati,Uttarakhand,1,2024-01-07,2024-01
C00785,Ishani Dugal,Corporate,Jamshedpur,Assam,2,2023-07-19,2023-07
C00786,Abeer Basak,Consumer,Serampore,Punjab,3,2024-09-02,2024-09
C00787,Waida Maharaj,Corporate,South Dumdum,Tripura,4,2024-12-17,2024-12
C00788,Mitali Kapadia,Home Office,Meerut,Mizoram,4,2023-06-28,2023-06
C00789,Vanya Zachariah,Corporate,Ambala,Kerala,2,2024-02-07,2024-02
C00790,Owen Shankar,Corporate,Kadapa,Manipur,2,2023-10-08,2023-10
C00791,Abhiram Arora,Home Office,Nadiad,Odisha,4,2024-11-04,2024-11
C00792,Eshana Pathak,Corporate,Gaya,Nagaland,4,2024-01-07,2024-01
C00793,Warjas Luthra,Consumer,Pudukkottai,Karnataka,1,2024-10-04,2024-10
C00794,Qarin Tara,Corporate,Bhagalpur,Maharashtra,1,2024-09-23,2024-09
C00795,Janya Rattan,Corporate,Hospet,Goa,1,2023-07-21,2023-07
C00796,Veer Chaudhry,Consumer,Noida,Nagaland,4,2024-07-31,2024-07
C00797,Lakshmi Hayre,Consumer,Jalgaon,Meghalaya,2,2023-10-31,2023-10
C00798,Patrick Sama,Home Office,Guntur,West Bengal,3,2024-11-13,2024-11
C00799,Vidhi Mital,Home Office,Kishanganj,West Bengal,4,2024-01-07,2024-01
C00800,Mitali Chaudhary,Corporate,Allahabad,Gujarat,4,2024-08-22,2024-08
C00801,Vamakshi Char,Corporate,Thanjavur,Himachal Pradesh,3,2023-07-26,2023-07
C00802,Jagvi Kurian,Consumer,Jaipur,Maharashtra,1,2023-08-07,2023-08
C00803,Indali Issac,Consumer,Anantapuram,Kerala,3,2024-03-05,2024-03
C00804,Yashvi Sura,Home Office,Vijayawada,Madhya Pradesh,3,2024-12-31,2024-12
C00805,Ubika Dhillon,Corporate,Naihati,Maharashtra,2,2023-12-24,2023-12
C00806,Ekbal Buch,Consumer,Tiruvottiyur,Haryana,2,2023-04-19,2023-04
C00807,Edhitha Manne,Home Office,Mahbubnagar,Rajasthan,1,2024-01-29,2024-01
C00808,Anika Saxena,Consumer,Dharmavaram,Mizoram,1,2023-09-10,2023-09
C00809,Odika Ganesh,Consumer,Lucknow,Chhattisgarh,3,2024-02-08,2024-02
C00810,Zayan Buch,Home Office,Rourkela,Madhya Pradesh,3,2024-02-02,2024-02
C00811,Girish Bhatt,Consumer,Motihari,Arunachal Pradesh,2,2023-11-29,2023-11
C00812,Mekhala Viswanathan,Corporate,Vasai-Virar,Himachal Pradesh,4,2023-08-24,2023-08
C00813,Frado Ramakrishnan,Corporate,Berhampur,Haryana,3,2023-05-18,2023-05
C00814,Saanvi Date,Home Office,Hajipur,Uttarakhand,2,2024-05-24,2024-05
C00815,Ayush Banerjee,Consumer,Anantapur,West Bengal,4,2024-02-22,2024-02
C00816,Unni Zachariah,Corporate,Motihari,Manipur,3,2023-06-20,2023-06
C00817,Peter Shan,Consumer,Loni,Rajasthan,3,2024-07-20,2024-07
C00818,Idika Subramaniam,Home Office,Hubli–Dharwad,Manipur,3,2023-02-01,2023-02
C00819,Jasmit Sachar,Consumer,Bhatpara,Jharkhand,3,2024-06-28,2024-06
C00820,Aadi Virk,Consumer,Hapur,Jharkhand,2,2024-05-30,2024-05
C00821,Abhiram Swamy,Home Office,Dewas,Andhra Pradesh,3,2024-08-16,2024-08
C00822,Brinda Kashyap,Corporate,Motihari,Kerala,3,2023-10-10,2023-10
C00823,Nisha Sarkar,Consumer,Kulti,Goa,1,2024-04-30,2024-04
C00824,Kritika Kannan,Corporate,Vijayawada,Maharashtra,2,2024-08-22,2024-08
C00825,Zansi Magar,Home Office,Katihar,Uttar Pradesh,4,2024-12-17,2024-12
C00826,Nitara Guha,Corporate,South Dumdum,Chhattisgarh,4,2023-12-29,2023-12
C00827,Indrajit Shah,Consumer,Darbhanga,Tamil Nadu,1,2023-01-28,2023-01
C00828,Raghav Nagi,Consumer,Saharanpur,Arunachal Pradesh,4,2024-01-03,2024-01
C00829,Quincy Chaudry,Corporate,Agartala,Chhattisgarh,2,2024-03-07,2024-03
C00830,Abhiram Kaul,Corporate,Saharanpur,Andhra Pradesh,3,2024-09-27,2024-09
C00831,Teerth Oommen,Corporate,Bijapur,Uttar Pradesh,4,2024-10-01,2024-10
C00832,Kamya Sheth,Consumer,Bathinda,Assam,4,2023-11-18,2023-11
C00833,Daksh Lata,Home Office,Madurai,Nagaland,3,2024-01-20,2024-01
C00834,Pratyush Handa,Consumer,Eluru,Uttarakhand,3,2023-12-01,2023-12
C00835,Jairaj Kothari,Consumer,Mango,Haryana,2,2024-06-12,2024-06
C00836,Rushil Sharma,Corporate,Saharsa,Sikkim,2,2023-10-27,2023-10
C00837,Urvashi Ramachandran,Corporate,North Dumdum,Goa,4,2024-04-23,2024-04
C00838,Jason Kulkarni,Corporate,Bihar Sharif,Gujarat,4,2023-04-23,2023-04
C00839,Charles Kamdar,Consumer,Noida,Rajasthan,3,2023-12-10,2023-12
C00840,Ekta Aurora,Corporate,Bally,Odisha,1,2024-12-09,2024-12
C00841,Meghana Kibe,Consumer,Kalyan-Dombivli,Odisha,4,2023-09-05,2023-09
C00842,Mohammed Prabhu,Consumer,Kulti,Goa,4,2024-05-21,2024-05
C00843,Gavin Nigam,Consumer,Allahabad,Kerala,4,2024-04-20,2024-04
C00844,Hredhaan Dass,Consumer,Muzaffarpur,Karnataka,2,2024-09-14,2024-09
C00845,Reva Hans,Consumer,Burhanpur,Kerala,2,2024-09-15,2024-09
C00846,Zashil Baral,Home Office,Bahraich,Nagaland,2,2024-09-20,2024-09
C00847,Vrishti Gupta,Consumer,Tinsukia,Kerala,1,2023-10-05,2023-10
C00848,Upadhriti Maharaj,Corporate,Coimbatore,Mizoram,4,2023-08-20,2023-08
C00849,Shivani Merchant,Corporate,Hosur,Kerala,4,2024-06-09,2024-06
C00850,Aadi Toor,Corporate,Udaipur,Andhra Pradesh,3,2024-07-09,2024-07
C00851,William Nagi,Consumer,Siwan,Uttarakhand,1,2024-09-29,2024-09
C00852,Ranveer Viswanathan,Consumer,Suryapet,Chhattisgarh,2,2023-01-27,2023-01
C00853,Ekantika Rout,Consumer,Bhubaneswar,Bihar,4,2023-02-20,2023-02
C00854,Caleb Dayal,Consumer,Patna,Gujarat,4,2024-04-06,2024-04
C00855,Vedika Handa,Corporate,Patna,Odisha,2,2024-11-04,2024-11
C00856,Vrishti Vora,Corporate,Dhanbad,Kerala,2,2024-12-30,2024-12
C00857,Ekavir Arya,Consumer,Pallavaram,Uttarakhand,2,2024-06-29,2024-06
C00858,Upadhriti Bhat,Corporate,Proddatur,Telangana,1,2023-11-14,2023-11
C00859,Jyoti Bhardwaj,Consumer,Dehri,Arunachal Pradesh,1,2023-03-13,2023-03
C00860,Daksha Brahmbhatt,Home Office,Kadapa,Bihar,2,2024-04-08,2024-04
C00861,Vihaan Wali,Consumer,Jhansi,Gujarat,2,2024-09-29,2024-09
C00862,Praneel Sagar,Home Office,Gangtok,Kerala,2,2023-11-21,2023-11
C00863,Prisha Chawla,Corporate,Bokaro,Nagaland,2,2024-05-22,2024-05
C00864,Yamini Nazareth,Home Office,Deoghar,Punjab,2,2024-10-22,2024-10
C00865,Indira Murty,Consumer,Serampore,Maharashtra,1,2023-02-03,2023-02
C00866,Ekiya Khosla,Home Office,Gandhinagar,Tripura,1,2024-08-04,2024-08
C00867,Jagvi Sethi,Corporate,Sikar,Andhra Pradesh,2,2023-08-03,2023-08
C00868,Bhavani Babu,Corporate,Barasat,Andhra Pradesh,1,2023-10-02,2023-10
C00869,Tristan Kala,Consumer,Lucknow,Tripura,4,2023-04-17,2023-04
C00870,Yasti Dubey,Consumer,Agra,Manipur,4,2024-01-24,2024-01
C00871,Nachiket Devi,Home Office,Ambarnath,Odisha,2,2024-02-18,2024-02
C00872,Viraj Kunda,Corporate,Tiruchirappalli,Odisha,4,2024-08-02,2024-08
C00873,Teerth Brahmbhatt,Consumer,Karawal Nagar,Goa,3,2023-05-05,2023-05
C00874,Girish Mital,Consumer,Gangtok,Madhya Pradesh,3,2023-02-27,2023-02
C00875,Daksh Natt,Home Office,Raebareli,Maharashtra,4,2024-09-28,2024-09
C00876,Utkarsh Apte,Corporate,Meerut,Jharkhand,2,2024-03-29,2024-03
C00877,Eiravati Zacharia,Consumer,Khammam,Mizoram,3,2023-06-26,2023-06
C00878,Michael Bedi,Consumer,Amroha,Tripura,4,2024-10-29,2024-10
C00879,Tristan Sankaran,Corporate,Singrauli,Chhattisgarh,3,2023-04-15,2023-04
C00880,Gayathri Butala,Corporate,Aurangabad,Telangana,4,2023-12-04,2023-12
C00881,Mohini Lala,Consumer,Silchar,Mizoram,1,2023-07-05,2023-07
C00882,Kalpit Deshmukh,Consumer,Karaikudi,Gujarat,3,2023-07-06,2023-07
C00883,Megha Hayre,Consumer,Latur,Assam,3,2023-01-07,2023-01
C00884,Qushi Naik,Consumer,Gorakhpur,Sikkim,1,2024-08-11,2024-08
C00885,Pallavi Pau,Consumer,Jhansi,Karnataka,3,2024-10-20,2024-10
C00886,Arjun Mody,Consumer,Etawah,Punjab,4,2024-05-10,2024-05
C00887,Madhav Sastry,Consumer,Muzaffarpur,Gujarat,2,2023-04-26,2023-04
C00888,Nachiket Chada,Consumer,Meerut,Haryana,3,2023-11-19,2023-11
C00889,Bhavna Atwal,Consumer,Bhubaneswar,Jharkhand,4,2023-09-10,2023-09
C00890,Urishilla Bajaj,Corporate,Bhagalpur,Telangana,3,2024-03-05,2024-03
C00891,Samar Virk,Corporate,Motihari,Meghalaya,2,2024-04-12,2024-04
C00892,Andrew Puri,Consumer,Rohtak,Goa,1,2023-11-07,2023-11
C00893,Bhanumati Iyer,Consumer,Meerut,Manipur,3,2023-07-02,2023-07
C00894,Ekalinga Rama,Consumer,Karimnagar,West Bengal,3,2024-09-09,2024-09
C00895,Anirudh Master,Consumer,Ahmednagar,Madhya Pradesh,2,2023-05-26,2023-05
C00896,Diya Sundaram,Home Office,Gaya,Gujarat,2,2023-10-09,2023-10
C00897,Anthony Baral,Corporate,Bettiah,Jharkhand,4,2023-12-20,2023-12
C00898,Vrishti Ramaswamy,Corporate,Surat,Kerala,4,2023-06-23,2023-06
C00899,Isha Mittal,Consumer,Orai,Himachal Pradesh,4,2024-02-23,2024-02
C00900,Aarini Ram,Corporate,Miryalaguda,Himachal Pradesh,2,2024-02-25,2024-02
C00901,Max Om,Home Office,Durgapur,Assam,4,2024-12-26,2024-12
C00902,Utkarsh Sahni,Corporate,Chapra,Chhattisgarh,2,2023-08-04,2023-08
C00903,Devika Narayan,Corporate,Hosur,Chhattisgarh,4,2024-12-15,2024-12
C00904,Lakshit Jain,Corporate,Tirupati,Tamil Nadu,3,2024-04-26,2024-04
C00905,Qushi Dhillon,Home Office,Ratlam,Assam,2,2023-07-20,2023-07
C00906,Qarin Nadkarni,Corporate,Ludhiana,Tripura,3,2024-02-18,2024-02
C00907,Odika Sabharwal,Corporate,Mango,Telangana,2,2024-05-16,2024-05
C00908,Max Guha,Consumer,Mira-Bhayandar,Goa,3,2024-06-28,2024-06
C00909,Amara Kashyap,Corporate,Ahmednagar,Sikkim,4,2023-02-05,2023-02
C00910,Jagrati Buch,Home Office,Guntur,Mizoram,1,2024-03-19,2024-03
C00911,Kashvi Gour,Consumer,Pallavaram,Meghalaya,4,2023-12-30,2023-12
C00912,Nihal Hans,Consumer,Patna,Maharashtra,2,2024-10-22,2024-10
C00913,Anamika Sachar,Consumer,Panihati,Tripura,4,2023-07-29,2023-07
C00914,Dominic Goel,Consumer,Tadepalligudem,Meghalaya,2,2024-08-06,2024-08
C00915,Tanvi Koshy,Consumer,Machilipatnam,Tripura,1,2024-03-19,2024-03
C00916,Lajita Munshi,Consumer,Pudukkottai,Telangana,1,2023-09-15,2023-09
C00917,Ikbal Seth,Consumer,Kalyan-Dombivli,Haryana,4,2024-04-10,2024-04
C00918,Balveer Ram,Consumer,Jhansi,Jharkhand,2,2024-03-29,2024-03
C00919,Mitali Modi,Corporate,Surendranagar Dudhrej,Goa,1,2024-05-10,2024-05
C00920,Chaitaly Bhagat,Corporate,Madhyamgram,Uttarakhand,3,2024-06-10,2024-06
C00921,Gautam Tella,Consumer,Bokaro,Tripura,3,2024-04-26,2024-04
C00922,Maya Sachdev,Consumer,Hospet,Andhra Pradesh,4,2024-09-04,2024-09
C00923,Sudiksha Jaggi,Consumer,Mysore,Himachal Pradesh,1,2024-04-04,2024-04
C00924,Nihal Dasgupta,Consumer,Raipur,Tamil Nadu,1,2024-10-22,2024-10
C00925,Janani Chada,Corporate,Sasaram,Punjab,4,2024-04-17,2024-04
C00926,Kritika Rai,Consumer,Tirunelveli,Karnataka,3,2023-08-14,2023-08
C00927,Nicholas Dhillon,Consumer,Faridabad,Maharashtra,3,2023-11-19,2023-11
C00928,Dayamai Sehgal,Home Office,Bokaro,Bihar,2,2024-02-28,2024-02
C00929,Samaksh Aggarwal,Consumer,Ahmedabad,Manipur,2,2024-06-19,2024-06
C00930,Wishi Ahluwalia,Consumer,Patiala,Gujarat,4,2023-03-07,2023-03
C00931,Sudiksha Rout,Home Office,Vijayawada,Punjab,1,2023-08-04,2023-08
C00932,Yash Mall,Consumer,Dhanbad,Goa,4,2024-06-30,2024-06
C00933,Christopher Palla,Corporate,Ulhasnagar,West Bengal,1,2023-05-09,2023-05
C00934,Chanchal Narula,Consumer,Dhanbad,Bihar,2,2023-04-07,2023-04
C00935,Pranav Edwin,Consumer,Phagwara,Sikkim,1,2024-01-30,2024-01
C00936,Tamanna Parsa,Corporate,Tiruchirappalli,Tripura,3,2024-12-11,2024-12
C00937,Ekantika Pillay,Corporate,Jabalpur,Tripura,1,2024-01-24,2024-01
C00938,Dhruv Master,Corporate,Guntur,Bihar,4,2024-10-29,2024-10
C00939,Forum Vyas,Home Office,Loni,Gujarat,4,2024-08-30,2024-08
C00940,Dalbir Chopra,Home Office,Karawal Nagar,Telangana,2,2023-07-07,2023-07
C00941,Prisha Nadig,Consumer,Hajipur,Odisha,1,2024-08-25,2024-08
C00942,Kai Taneja,Consumer,Kumbakonam,Uttar Pradesh,2,2023-12-19,2023-12
C00943,Viraj Mannan,Consumer,Mumbai,Bihar,3,2024-08-12,2024-08
C00944,Udyati Dalal,Consumer,Tadepalligudem,Maharashtra,2,2024-06-29,2024-06
C00945,Chakradev Nath,Consumer,Karaikudi,Uttar Pradesh,3,2023-09-05,2023-09
C00946,Advay Jaggi,Consumer,Rohtak,Uttar Pradesh,1,2023-03-26,2023-03
C00947,Darika Mital,Home Office,Chennai,Bihar,1,2024-12-04,2024-12
C00948,Harita Randhawa,Consumer,Akola,Gujarat,3,2023-04-13,2023-04
C00949,Hamsini Srinivas,Consumer,Vadodara,Rajasthan,2,2024-12-07,2024-12
C00950,Vasatika Dugal,Consumer,Jorhat,Karnataka,2,2024-09-20,2024-09
C00951,Odika Bhalla,Home Office,Buxar,Telangana,3,2024-06-13,2024-06
C00952,Anirudh Joshi,Consumer,Raichur,Assam,1,2024-12-17,2024-12
C00953,Avni Balasubramanian,Corporate,Gandhinagar,Rajasthan,1,2024-12-08,2024-12
C00954,Lopa Grover,Corporate,Aizawl,Tamil Nadu,4,2024-08-11,2024-08
C00955,Azad Magar,Corporate,Chandigarh,Meghalaya,2,2023-09-25,2023-09
C00956,Kamya Seth,Consumer,Thrissur,Mizoram,2,2024-07-31,2024-07
C00957,Parth Choudhury,Consumer,Agra,Tripura,4,2023-01-11,2023-01
C00958,George Sawhney,Consumer,Karawal Nagar,Mizoram,4,2024-01-28,2024-01
C00959,Ranveer Oak,Corporate,Loni,Jharkhand,2,2023-11-29,2023-11
C00960,Luke Chaudhari,Corporate,Tiruppur,Telangana,4,2024-05-06,2024-05
C00961,Tripti Ram,Home Office,Kolkata,Jharkhand,1,2024-05-06,2024-05
C00962,Gagan Nath,Corporate,Ranchi,Bihar,1,2024-03-03,2024-03
C00963,Arin Muni,Consumer,Pondicherry,Gujarat,1,2024-08-24,2024-08
C00964,Bhavini Malhotra,Home Office,Gandhidham,Sikkim,3,2024-11-18,2024-11
C00965,Anjali Dixit,Corporate,Panipat,Bihar,3,2023-03-21,2023-03
C00966,Yoshita Chaudry,Home Office,Hosur,Kerala,3,2023-06-20,2023-06
C00967,Anika Dhaliwal,Corporate,Chapra,Haryana,2,2023-01-19,2023-01
C00968,Ekavir Mukhopadhyay,Consumer,Panvel,Manipur,2,2024-10-08,2024-10
C00969,Kalpit Balakrishnan,Home Office,Dhanbad,Bihar,4,2024-02-15,2024-02
C00970,Chatura Chadha,Corporate,Katni,Goa,3,2024-10-31,2024-10
C00971,Ishani Muni,Home Office,Davanagere,Tamil Nadu,2,2023-06-11,2023-06
C00972,Udyati Deep,Home Office,Bhind,Bihar,1,2023-02-16,2023-02
C00973,Dayita Shroff,Consumer,Ahmednagar,Haryana,4,2024-08-25,2024-08
C00974,Aarna Patla,Home Office,South Dumdum,Tamil Nadu,4,2024-10-26,2024-10
C00975,Ekta Setty,Corporate,Ludhiana,Assam,2,2023-08-09,2023-08
C00976,Isaiah Panchal,Consumer,Surendranagar Dudhrej,West Bengal,2,2023-10-26,2023-10
C00977,Barkha Pall,Home Office,Danapur,Bihar,2,2023-04-13,2023-04
C00978,Hredhaan Nanda,Consumer,Barasat,Nagaland,1,2024-11-22,2024-11
C00979,Nandini Sachdev,Consumer,Udupi,Haryana,4,2023-08-11,2023-08
C00980,Vasatika Rajagopalan,Corporate,Mau,Gujarat,1,2023-12-27,2023-12
C00981,Radhika Oommen,Corporate,Malegaon,Sikkim,1,2023-03-13,2023-03
C00982,Vidhi Contractor,Consumer,Anantapur,Nagaland,2,2024-10-10,2024-10
C00983,Sai Goda,Consumer,Machilipatnam,Assam,2,2023-04-10,2023-04
C00984,Ladli Narang,Home Office,Ghaziabad,Assam,3,2023-11-28,2023-11
C00985,Liam Acharya,Home Office,Jalgaon,Manipur,2,2024-05-05,2024-05
C00986,Madhavi Sekhon,Home Office,Tiruppur,Sikkim,3,2024-06-27,2024-06
C00987,Chandani Modi,Consumer,Hapur,Assam,3,2024-11-22,2024-11
C00988,Yashvi Raval,Consumer,Durg,Arunachal Pradesh,2,2023-11-03,2023-11
C00989,Chatresh Acharya,Corporate,Bhubaneswar,West Bengal,1,2024-06-26,2024-06
C00990,Azaan Keer,Consumer,Gudivada,Madhya Pradesh,1,2023-04-23,2023-04
C00991,Lavanya Ravi,Consumer,Raebareli,Nagaland,3,2023-10-31,2023-10
C00992,Oscar Soman,Corporate,Maheshtala,Nagaland,3,2023-03-14,2023-03
C00993,Jagvi Sahni,Consumer,Tumkur,West Bengal,1,2023-12-24,2023-12
C00994,Krish Apte,Corporate,Pune,Chhattisgarh,4,2023-10-26,2023-10
C00995,Rajeshri Deshpande,Consumer,Durgapur,Rajasthan,4,2024-11-26,2024-11
C00996,Tamanna Sandal,Consumer,Malda,Mizoram,3,2023-01-24,2023-01
C00997,Shivani Rajagopalan,Corporate,Kamarhati,Goa,2,2023-09-28,2023-09
C00998,Abhimanyu Tara,Corporate,Orai,Himachal Pradesh,2,2023-11-21,2023-11
C00999,Jeevika Bandi,Consumer,Tezpur,Meghalaya,3,2024-11-25,2024-11
C01000,Isaiah Subramaniam,Corporate,Ajmer,Telangana,4,2024-09-17,2024-09
C01001,Udyati Varughese,Corporate,Nagaon,Punjab,2,2023-03-14,2023-03
C01002,Yatan Sodhi,Home Office,Panvel,Uttar Pradesh,1,2024-05-16,2024-05
C01003,Chatresh Oza,Consumer,Nandyal,Manipur,4,2024-02-03,2024-02
C01004,Garima Sama,Consumer,Durg,Jharkhand,4,2024-12-15,2024-12
C01005,Balendra Modi,Corporate,Ghaziabad,Rajasthan,4,2023-09-20,2023-09
C01006,Omkaar Behl,Consumer,Indore,Jharkhand,3,2023-10-19,2023-10
C01007,Fitan Date,Corporate,Alwar,Himachal Pradesh,2,2023-05-19,2023-05
C01008,Avni Maharaj,Corporate,Kanpur,Telangana,4,2023-03-31,2023-03
C01009,Owen Dora,Home Office,Uluberia,Uttar Pradesh,1,2024-09-11,2024-09
C01010,Advika Keer,Home Office,Bokaro,Uttar Pradesh,3,2023-11-29,2023-11
C01011,Hemal Chad,Consumer,Hindupur,Uttarakhand,3,2024-04-29,2024-04
C01012,Warhi Sachar,Consumer,Patiala,Sikkim,3,2024-04-14,2024-04
C01013,Oliver Kade,Consumer,Meerut,Rajasthan,3,2024-03-12,2024-03
C01014,Jack Ben,Consumer,Madhyamgram,Madhya Pradesh,4,2023-01-16,2023-01
C01015,Charvi Soni,Home Office,Nadiad,Sikkim,2,2024-07-29,2024-07
C01016,Urvi Lala,Consumer,Bettiah,West Bengal,2,2023-06-28,2023-06
C01017,Advik Mani,Consumer,Eluru,Sikkim,4,2023-04-03,2023-04
C01018,Benjamin Chatterjee,Corporate,Bhiwani,Punjab,2,2024-02-17,2024-02
C01019,Gautami Madan,Consumer,Navi Mumbai,Himachal Pradesh,3,2023-02-20,2023-02
C01020,Triya Khurana,Corporate,Saharsa,Karnataka,4,2024-07-13,2024-07
C01021,Dhriti Anne,Consumer,Jabalpur,Andhra Pradesh,4,2023-06-01,2023-06
C01022,Guneet Vohra,Corporate,Amroha,Kerala,2,2023-06-07,2023-06
C01023,Bhanumati Krishnamurthy,Consumer,Visakhapatnam,Andhra Pradesh,4,2024-09-27,2024-09
C01024,Dakshesh Kalla,Home Office,Jamshedpur,Assam,2,2023-08-29,2023-08
C01025,Keya Goyal,Consumer,Udaipur,Himachal Pradesh,3,2023-04-18,2023-04
C01026,Unni Borra,Home Office,Bally,Tripura,3,2024-10-20,2024-10
C01027,Ekiya Kurian,Corporate,Srinagar,Himachal Pradesh,3,2023-01-03,2023-01
C01028,Lavanya Rama,Consumer,Allahabad,Himachal Pradesh,1,2024-09-19,2024-09
C01029,Pranav Sastry,Corporate,Pallavaram,Gujarat,2,2023-04-16,2023-04
C01030,Pranav Swamy,Home Office,Asansol,Nagaland,4,2023-04-06,2023-04
C01031,Tejas Cherian,Consumer,Rampur,Bihar,3,2023-07-03,2023-07
C01032,Elijah Bobal,Home Office,Amroha,Andhra Pradesh,4,2023-05-08,2023-05
C01033,Manthan Acharya,Consumer,Pali,Himachal Pradesh,2,2024-04-28,2024-04
C01034,Forum Raman,Consumer,Kottayam,Tamil Nadu,1,2023-01-19,2023-01
C01035,Vanya Sarin,Corporate,Coimbatore,Nagaland,2,2023-01-11,2023-01
C01036,Aarush Rajagopalan,Corporate,Bhilai,Odisha,4,2024-07-31,2024-07
C01037,Gauri Mitter,Consumer,Pimpri-Chinchwad,Rajasthan,1,2023-06-23,2023-06
C01038,Jasmit Warrior,Corporate,Jodhpur,Uttarakhand,4,2023-08-25,2023-08
C01039,Bimala Jain,Consumer,Begusarai,Arunachal Pradesh,1,2023-05-08,2023-05
C01040,Rayaan Mistry,Home Office,Aligarh,Rajasthan,4,2023-02-08,2023-02
C01041,Vidhi Chad,Consumer,Jhansi,Chhattisgarh,2,2024-06-26,2024-06
C01042,Reyansh Bakshi,Consumer,Unnao,Madhya Pradesh,4,2024-01-20,2024-01
C01043,Darika Tata,Consumer,Pune,Arunachal Pradesh,3,2024-06-29,2024-06
C01044,Daksh Nazareth,Home Office,Machilipatnam,Bihar,3,2023-12-15,2023-12
C01045,Tara Yadav,Corporate,Adoni,Haryana,2,2024-07-22,2024-07
C01046,Balhaar Dhaliwal,Corporate,Surat,Meghalaya,2,2024-01-11,2024-01
C01047,Xavier De,Consumer,Malegaon,Rajasthan,2,2023-03-21,2023-03
C01048,Damyanti Chatterjee,Consumer,Phagwara,Goa,1,2024-01-04,2024-01
C01049,Hitesh Comar,Corporate,Hindupur,Uttar Pradesh,2,2024-11-22,2024-11
C01050,Dev Jain,Consumer,Naihati,Uttar Pradesh,1,2023-02-01,2023-02
C01051,Ekta Dara,Consumer,Pondicherry,Uttarakhand,4,2024-07-26,2024-07
C01052,Chakradev Ghose,Consumer,Rajkot,Bihar,3,2024-09-25,2024-09
C01053,Lohit Sagar,Corporate,Uluberia,Nagaland,4,2024-01-17,2024-01
C01054,Reva Kohli,Corporate,Guntur,Bihar,1,2023-12-01,2023-12
C01055,Nakul Babu,Consumer,Jodhpur,Andhra Pradesh,1,2024-12-05,2024-12
C01056,Praneel Chakraborty,Consumer,Erode,Tamil Nadu,1,2023-02-14,2023-02
C01057,Jonathan Jhaveri,Home Office,Gopalpur,Mizoram,3,2023-12-17,2023-12
C01058,Nisha Khare,Corporate,Phagwara,Tamil Nadu,2,2023-10-21,2023-10
C01059,Pranit Tata,Consumer,Barasat,Kerala,2,2024-05-16,2024-05
C01060,Aayush Keer,Consumer,Kochi,Mizoram,1,2023-12-25,2023-12
C01061,Janaki Zacharia,Corporate,Madhyamgram,Tripura,3,2024-10-26,2024-10
C01062,Aradhana Bera,Consumer,Gorakhpur,Uttar Pradesh,2,2023-02-23,2023-02
C01063,Urvi Tank,Consumer,Kozhikode,Sikkim,2,2023-03-01,2023-03
C01064,Chatura Patla,Consumer,Bhagalpur,Maharashtra,4,2024-03-20,2024-03
C01065,Gaurika Setty,Consumer,Vasai-Virar,Telangana,2,2023-02-18,2023-02
C01066,Patrick Dugar,Consumer,Shivpuri,Mizoram,1,2023-07-21,2023-07
C01067,Ekavir Keer,Home Office,Guntakal,Odisha,3,2024-04-07,2024-04
C01068,Oni Issac,Consumer,Berhampur,Tripura,1,2024-02-05,2024-02
C01069,Eshana Kari,Consumer,Patiala,Telangana,1,2023-08-26,2023-08
C01070,Ryan Prashad,Corporate,Srinagar,Meghalaya,1,2024-12-28,2024-12
C01071,Chatura Sarin,Corporate,Thrissur,Punjab,2,2024-01-23,2024-01
C01072,Pranav Ram,Corporate,Bhavnagar,Manipur,4,2023-11-28,2023-11
C01073,Jagrati Madan,Consumer,Thanjavur,Chhattisgarh,1,2024-03-18,2024-03
C01074,Darpan Mand,Consumer,Bhubaneswar,West Bengal,4,2023-03-14,2023-03
C01075,Tara Sahota,Corporate,Tiruvottiyur,Haryana,2,2024-05-28,2024-05
C01076,Naksh Garde,Consumer,Chandigarh,Maharashtra,2,2024-09-15,2024-09
C01077,Tarak Solanki,Consumer,Alwar,Andhra Pradesh,2,2024-04-20,2024-04
C01078,Yatin Kota,Consumer,Raebareli,Odisha,4,2024-07-16,2024-07
C01079,Manthan Ahluwalia,Corporate,Varanasi,Arunachal Pradesh,1,2024-06-10,2024-06
C01080,Yamini Bandi,Home Office,Bettiah,Madhya Pradesh,3,2023-06-07,2023-06
C01081,Guneet Sethi,Consumer,New Delhi,Assam,4,2023-11-27,2023-11
C01082,Niharika Kamdar,Corporate,Secunderabad,Jharkhand,2,2023-06-17,2023-06
C01083,Gautam Babu,Home Office,Farrukhabad,Goa,1,2023-09-05,2023-09
C01084,Arjun Sha,Corporate,Durgapur,West Bengal,3,2023-11-28,2023-11
C01085,Qasim Prabhakar,Consumer,Mumbai,West Bengal,4,2023-11-01,2023-11
C01086,Lekha Natarajan,Consumer,Sagar,Maharashtra,2,2023-03-11,2023-03
C01087,Sarthak Buch,Consumer,Pimpri-Chinchwad,Mizoram,4,2023-11-08,2023-11
C01088,Charan Choudhry,Consumer,Ambarnath,Manipur,4,2024-05-01,2024-05
C01089,Jasmit Peri,Corporate,Karaikudi,Tamil Nadu,4,2023-10-01,2023-10
C01090,Samarth Devi,Consumer,Mathura,Nagaland,2,2023-04-22,2023-04
C01091,Vanya Kadakia,Consumer,Pondicherry,Kerala,4,2024-11-05,2024-11
C01092,Yahvi Sampath,Home Office,Meerut,Assam,2,2023-02-19,2023-02
C01093,Hemani Sethi,Home Office,Orai,Mizoram,4,2024-08-31,2024-08
C01094,Upma Wali,Corporate,Bidhannagar,Punjab,1,2023-03-10,2023-03
C01095,Dominic Guha,Home Office,Chandigarh,Assam,1,2023-03-12,2023-03
C01096,Praneel Mani,Consumer,Moradabad,Goa,2,2024-06-24,2024-06
C01097,Isaac Divan,Consumer,Saharanpur,West Bengal,3,2024-08-16,2024-08
C01098,Arin Memon,Home Office,Hosur,Chhattisgarh,1,2024-02-11,2024-02
C01099,Idika Salvi,Home Office,Jaipur,Jharkhand,2,2024-03-04,2024-03
C01100,Dev Bains,Consumer,Saharsa,Rajasthan,1,2024-02-15,2024-02
C01101,Nisha Oza,Consumer,Shivpuri,Odisha,1,2023-08-29,2023-08
C01102,Tanvi Modi,Consumer,Farrukhabad,Goa,1,2023-03-31,2023-03
C01103,Utkarsh Sule,Consumer,Tumkur,Tripura,1,2023-09-16,2023-09
C01104,Manbir Pandit,Consumer,Sirsa,Goa,1,2024-05-01,2024-05
C01105,Bhavika Gopal,Corporate,Jamnagar,Goa,3,2024-07-02,2024-07
C01106,Jackson Barman,Home Office,Ramgarh,Chhattisgarh,2,2024-09-26,2024-09
C01107,Abha Pingle,Consumer,Tiruppur,Nagaland,4,2024-06-11,2024-06
C01108,Edhitha Padmanabhan,Home Office,Serampore,Manipur,2,2024-12-08,2024-12
C01109,Charvi Dara,Home Office,Machilipatnam,Meghalaya,3,2024-03-14,2024-03
C01110,Tara Nagarajan,Corporate,Kolkata,Telangana,4,2023-09-15,2023-09
C01111,Chakrika Som,Home Office,Chapra,Sikkim,2,2024-02-27,2024-02
C01112,Riya Nigam,Corporate,Nangloi Jat,Arunachal Pradesh,1,2023-06-05,2023-06
C01113,Jackson Morar,Consumer,Rewa,Punjab,2,2024-04-25,2024-04
C01114,Sanaya Parikh,Corporate,Khammam,Arunachal Pradesh,2,2023-06-13,2023-06
C01115,Tristan Mall,Home Office,Lucknow,Assam,2,2023-03-21,2023-03
C01116,Gagan Vala,Corporate,Jammu,Meghalaya,3,2024-09-09,2024-09
C01117,Yasti Bhalla,Corporate,Sikar,Chhattisgarh,4,2023-09-26,2023-09
C01118,Kala Raju,Home Office,Ahmedabad,Jharkhand,3,2024-07-11,2024-07
C01119,Indali Morar,Consumer,Kishanganj,Assam,2,2024-02-24,2024-02
C01120,Sachi Sagar,Consumer,Tumkur,Goa,3,2024-08-13,2024-08
C01121,Oeshi Dewan,Consumer,Asansol,Gujarat,4,2024-09-09,2024-09
C01122,Vaishnavi Vohra,Corporate,Amritsar,Odisha,2,2024-12-13,2024-12
C01123,Gaurang Ahuja,Home Office,Darbhanga,Maharashtra,1,2024-08-21,2024-08
C01124,Turvi Devan,Consumer,Gaya,Uttarakhand,1,2024-03-24,2024-03
C01125,Bimala Swaminathan,Home Office,Barasat,Uttarakhand,2,2024-04-14,2024-04
C01126,Wakeeta Sheth,Consumer,Indore,Uttar Pradesh,4,2023-01-20,2023-01
C01127,Mitesh Lala,Corporate,Chittoor,Bihar,1,2024-11-10,2024-11
C01128,Omisha Gola,Consumer,Sambalpur,Andhra Pradesh,3,2024-08-29,2024-08
C01129,Aradhana Tailor,Consumer,Khora,Telangana,1,2023-07-15,2023-07
C01130,Vasana Sarin,Corporate,Fatehpur,Tamil Nadu,2,2023-05-12,2023-05
C01131,Kashvi Vala,Consumer,Rampur,Goa,2,2024-05-28,2024-05
C01132,Madhav Nagarajan,Corporate,Bhavnagar,Kerala,3,2023-08-14,2023-08
C01133,Chatresh Mahajan,Home Office,Gurgaon,Rajasthan,4,2023-09-06,2023-09
C01134,Chanakya Mann,Corporate,Bettiah,Rajasthan,4,2023-01-05,2023-01
C01135,Yoshita Hari,Consumer,Bareilly,Punjab,1,2024-09-27,2024-09
C01136,Ekantika Mutti,Home Office,Gopalpur,Sikkim,4,2024-02-18,2024-02
C01137,Gopal Warrior,Consumer,Asansol,Andhra Pradesh,4,2023-10-20,2023-10
C01138,Zarna Manda,Home Office,Shivpuri,Maharashtra,4,2023-04-14,2023-04
C01139,Nicholas Chaudry,Consumer,Bhatpara,Mizoram,2,2024-04-07,2024-04
C01140,Raghav Vora,Corporate,Erode,Manipur,3,2023-01-23,2023-01
C01141,Jackson Deep,Consumer,Nangloi Jat,Kerala,3,2024-06-29,2024-06
C01142,Janani Dewan,Corporate,Kavali,Mizoram,2,2023-06-07,2023-06
C01143,Orinder Modi,Consumer,Kochi,Haryana,2,2023-11-03,2023-11
C01144,Lucky Karan,Consumer,Cuttack,Gujarat,2,2023-09-07,2023-09
C01145,Farhan Sandal,Consumer,Solapur,Andhra Pradesh,4,2023-09-28,2023-09
C01146,Raagini Basak,Consumer,Moradabad,Arunachal Pradesh,3,2024-06-11,2024-06
C01147,Upasna Dani,Consumer,Varanasi,Assam,3,2024-07-21,2024-07
C01148,Advaith Char,Consumer,Madanapalle,Gujarat,4,2024-02-19,2024-02
C01149,Qasim Panchal,Consumer,Mysore,Chhattisgarh,3,2023-03-04,2023-03
C01150,Ijaya Pandey,Consumer,Orai,Tripura,4,2023-02-08,2023-02
C01151,Yashasvi Bir,Consumer,Adoni,Tripura,4,2023-04-26,2023-04
C01152,Teerth Handa,Corporate,Tirunelveli,Tripura,4,2024-03-27,2024-03
C01153,Hardik Kala,Home Office,Ambarnath,Tamil Nadu,3,2024-05-07,2024-05
C01154,Ria Chhabra,Consumer,Raichur,Madhya Pradesh,1,2023-07-18,2023-07
C01155,Tanish Varkey,Corporate,Vellore,Bihar,4,2024-04-28,2024-04
C01156,Jatin Shukla,Home Office,Saharsa,Chhattisgarh,2,2023-12-22,2023-12
C01157,Jalsa Mani,Consumer,Gwalior,Karnataka,4,2023-11-20,2023-11
C01158,Jack Rajan,Consumer,Sirsa,Punjab,4,2023-07-19,2023-07
C01159,Sachi Kara,Consumer,Ramagundam,West Bengal,3,2024-07-05,2024-07
C01160,Ranbir Boase,Corporate,Arrah,Goa,2,2023-03-25,2023-03
C01161,Vyanjana Cheema,Home Office,Bahraich,Mizoram,1,2023-11-11,2023-11
C01162,Jagdish Dhar,Consumer,Rewa,Tamil Nadu,1,2023-07-27,2023-07
C01163,Om Bhattacharyya,Consumer,Davanagere,Karnataka,2,2024-05-10,2024-05
C01164,Netra Das,Consumer,Khandwa,Telangana,1,2023-12-22,2023-12
C01165,Arya Mahajan,Consumer,Raurkela Industrial Township,Meghalaya,3,2024-05-02,2024-05
C01166,Vedhika Vaidya,Corporate,Siliguri,Tripura,3,2023-02-03,2023-02
C01167,Hritik Das,Consumer,Unnao,Meghalaya,3,2023-10-16,2023-10
C01168,Krish Balan,Corporate,Meerut,Uttarakhand,1,2024-03-14,2024-03
C01169,Wishi Bala,Consumer,Eluru,Punjab,2,2023-01-06,2023-01
C01170,Michael Mitter,Corporate,Solapur,Sikkim,1,2023-08-09,2023-08
C01171,Unnati Jaggi,Home Office,Mehsana,Meghalaya,1,2023-06-04,2023-06
C01172,Hemal Zachariah,Consumer,Patna,Maharashtra,1,2023-04-11,2023-04
C01173,Leela Sengupta,Consumer,Gandhinagar,Manipur,4,2023-07-06,2023-07
C01174,Balendra Bali,Corporate,Proddatur,Sikkim,1,2023-08-28,2023-08
C01175,Nitesh Swamy,Home Office,Guntur,Jharkhand,3,2023-01-06,2023-01
C01176,Vinaya Choudhary,Consumer,Begusarai,Sikkim,2,2024-06-30,2024-06
C01177,Vamakshi Dugar,Consumer,Katni,Himachal Pradesh,4,2023-05-09,2023-05
C01178,Krishna Pandit,Consumer,Pondicherry,Arunachal Pradesh,2,2023-10-05,2023-10
C01179,Chakradev Dave,Consumer,Karnal,Uttar Pradesh,1,2024-05-29,2024-05
C01180,Harita Rai,Corporate,Haldia,Kerala,1,2024-01-01,2024-01
C01181,Nisha Panchal,Consumer,Sambalpur,Haryana,1,2024-09-01,2024-09
C01182,Devika Chad,Home Office,Farrukhabad,Bihar,1,2024-08-12,2024-08
C01183,Omkaar Bahri,Home Office,Agra,Manipur,1,2023-02-22,2023-02
C01184,Yutika Sama,Corporate,Jaipur,Tamil Nadu,1,2024-09-21,2024-09
C01185,Anthony Nadig,Corporate,Aurangabad,Madhya Pradesh,4,2023-01-31,2023-01
C01186,Guneet Suresh,Consumer,Tiruppur,Karnataka,1,2023-01-14,2023-01
C01187,Yadavi Nori,Home Office,Srikakulam,Jharkhand,2,2024-11-04,2024-11
C01188,Rajata Jaggi,Consumer,Aurangabad,Uttarakhand,4,2024-09-22,2024-09
C01189,Bhavna Lanka,Consumer,Bihar Sharif,Odisha,3,2024-02-25,2024-02
C01190,Upkaar Chanda,Consumer,Guntakal,Karnataka,4,2024-02-24,2024-02
C01191,Ekalinga Wali,Home Office,Purnia,Gujarat,4,2024-06-02,2024-06
C01192,Faraj Mittal,Consumer,Bhiwani,Sikkim,1,2023-11-02,2023-11
C01193,Ryan Sachdeva,Consumer,Chandrapur,Punjab,4,2023-03-26,2023-03
C01194,Pranit Bahl,Home Office,Gangtok,Meghalaya,1,2023-01-16,2023-01
C01195,Unni Loyal,Corporate,Buxar,Telangana,1,2023-08-26,2023-08
C01196,Sai Patla,Consumer,Siliguri,Haryana,4,2024-08-08,2024-08
C01197,Charita Saran,Consumer,Imphal,West Bengal,1,2024-03-27,2024-03
C01198,Samar Sachar,Corporate,Baranagar,Rajasthan,1,2024-08-31,2024-08
C01199,Aahana Keer,Consumer,Mathura,Bihar,4,2024-11-03,2024-11
C01200,Rehaan Bala,Consumer,Tirupati,Manipur,1,2023-03-06,2023-03
